id,first_name,last_name,email,job_title,university
1,Mason,Burlingame,mburlingame0@delicious.com,Cost Accountant,"Universidad Tecnológica del Choco ""Diego Luis Cordoba"""
2,Esta,Schuricke,eschuricke1@yolasite.com,Senior Cost Accountant,North China Electric Power University
3,Pennie,Mawdsley,pmawdsley2@netscape.com,Help Desk Operator,University of Mkar
4,Orelee,Hariot,ohariot3@home.pl,Staff Accountant I,University of Pecs
5,Genny,Guppey,gguppey4@ow.ly,Structural Engineer,Universidad Central del Caribe
6,Lizzie,Kermode,lkermode5@businessinsider.com,Senior Quality Engineer,College Misericordia
7,Juli,Bardsley,jbardsley6@sbwire.com,Analyst Programmer,Kitami Institute of Technology
8,Malvin,Tuckett,mtuckett7@time.com,Teacher,Universidade Estadual de Feira de Santana
9,Gertruda,Shuter,gshuter8@instagram.com,Human Resources Manager,Khmelnitsky National University
10,Eadmund,MacIlwrick,emacilwrick9@yahoo.com,Tax Accountant,National University of Management
11,Geoffry,Caplin,gcaplina@springer.com,Chief Design Engineer,National University of Lesotho
12,Selia,Abelson,sabelsonb@answers.com,Automation Specialist IV,University of Science & Technology Chittagong
13,Glyn,Spillard,gspillardc@latimes.com,Internal Auditor,Hainan Normal University
14,Jacki,Lyptrade,jlyptraded@tumblr.com,Cost Accountant,"Northwood University, Florida Campus"
15,Millicent,Lampaert,mlampaerte@yellowbook.com,VP Sales,"Academy of Music, Dance and Fine Arts"
16,Wake,Sibbson,wsibbsonf@alexa.com,Web Developer III,National Taiwan University of Science and Technology
17,Rouvin,Lawling,rlawlingg@baidu.com,Senior Sales Associate,Dallas Baptist University
18,Merwyn,Schlagtmans,mschlagtmansh@netscape.com,Junior Executive,"National University of Ireland, Maynooth"
19,Ameline,Henke,ahenkei@smh.com.au,Programmer Analyst IV,Evangelische Fachhochschule Nürnberg
20,Goober,Cornels,gcornelsj@npr.org,Registered Nurse,Qinghai Radio & Television University
21,Tye,Thorp,tthorpk@posterous.com,Programmer II,Universidad de Iberoamérica
22,Tito,Ambrosini,tambrosinil@twitpic.com,Financial Analyst,Universidad del Noroeste
23,Karly,Marr,kmarrm@deviantart.com,Technical Writer,Universidad Internacional del Ecuador
24,Jobyna,Leverette,jleveretten@wikia.com,Speech Pathologist,McNeese State University
25,Cherianne,Feechan,cfeechano@cnbc.com,VP Product Management,Bashkir State Agrarian University
26,Duffie,Loughead,dlougheadp@ovh.net,Mechanical Systems Engineer,"Universidad del Norte ""Santo Tomás de Aquino"""
27,Eva,Bew,ebewq@com.com,Help Desk Operator,University of Peshawar
28,Leonidas,Hearnshaw,lhearnshawr@hubpages.com,Staff Scientist,Jiangxi Agricultural University
29,Gratiana,Slad,gslads@friendfeed.com,Help Desk Technician,Latvian Academy of Arts
30,Dwayne,McMurrugh,dmcmurrught@networksolutions.com,Environmental Specialist,Moscow State University of Technology (Stankin)
31,Guillaume,Sheards,gsheardsu@printfriendly.com,Account Representative III,Fachhochschule Augsburg
32,Reginauld,Buckenham,rbuckenhamv@businessinsider.com,Quality Engineer,Brigham Young University
33,Maryjo,Antrack,mantrackw@rakuten.co.jp,Media Manager II,Universitas 17 Agustus 1945 Surabaya
34,Belia,Dymott,bdymottx@discuz.net,Chief Design Engineer,Temple University School of Podiatric Medicine
35,Celie,Severy,cseveryy@usgs.gov,Web Developer II,Alahgaff University
36,Seth,Kirdsch,skirdschz@google.ca,Dental Hygienist,University of Haifa
37,Alexandrina,Halwell,ahalwell10@livejournal.com,Media Manager III,Free University (Virginia Theological University)
38,Honor,Mingaud,hmingaud11@sbwire.com,Budget/Accounting Analyst IV,Agricultural University of Georgia
39,Odelia,Feilden,ofeilden12@cbc.ca,Research Nurse,Vologda State Pedagogical University
40,Ingunna,Hamlin,ihamlin13@princeton.edu,Help Desk Technician,Udmurt State University
41,Regan,Pickthorne,rpickthorne14@census.gov,Human Resources Assistant II,National University of Rwanda
42,Tracey,Khosa,tkhosa15@baidu.com,Business Systems Development Analyst,Baltic International Academy
43,Curt,Jedraszek,cjedraszek16@dot.gov,Financial Advisor,Universidad Mexicana
44,Christy,Windless,cwindless17@seesaa.net,Information Systems Manager,Life Chiropractic College West
45,Tammy,Christofol,tchristofol18@topsy.com,Tax Accountant,Tiffin University
46,Gabe,Chopy,gchopy19@mayoclinic.com,Safety Technician I,Universidad Señor de Sipán
47,Sherman,Sallinger,ssallinger1a@squidoo.com,Professor,Universidade Independente de Angola
48,Kincaid,Pummell,kpummell1b@last.fm,Programmer Analyst IV,Plekhanov Russian Academy of Economics
49,Averyl,Bristow,abristow1c@eventbrite.com,Registered Nurse,Instituto Politécnico do Cávado e do Ave
50,Elianora,Bratty,ebratty1d@geocities.jp,Geologist I,Clarkson University
51,Des,Tree,dtree1e@cisco.com,VP Accounting,Mohan Lal Sukhadia University
52,Bobinette,Swatten,bswatten1f@techcrunch.com,Cost Accountant,University of Engineering and Technology Peshawar
53,Marj,Speers,mspeers1g@constantcontact.com,Design Engineer,Insituto Universitario - Centro Latinoamericano de Economia Humana - IU Claeh
54,Keri,Tressler,ktressler1h@un.org,Pharmacist,Aga Khan University
55,Shirline,Klimashevich,sklimashevich1i@bbc.co.uk,Senior Quality Engineer,Dordt College
56,Julianna,Fellon,jfellon1j@e-recht24.de,VP Accounting,Universidad Metropolitana
57,Donovan,Filpo,dfilpo1k@nih.gov,GIS Technical Architect,"California State University, Fullerton"
58,Lynsey,Ewence,lewence1l@wsj.com,Legal Assistant,Universidade de Guarulhos
59,Thorny,Orthmann,torthmann1m@indiegogo.com,Desktop Support Technician,Chinju National University
60,Almeria,Fealy,afealy1n@cyberchimps.com,Engineer I,University of Agriculture and Veterinary Medicine Bucharest
61,Minna,Giraldon,mgiraldon1o@tmall.com,Human Resources Manager,Asian Management Institute
62,Kristy,Maris,kmaris1p@spiegel.de,Teacher,Indiana University of Pennsylvania
63,Karisa,Fenge,kfenge1q@blogspot.com,Marketing Assistant,University of Teramo
64,Ron,Saffrin,rsaffrin1r@stumbleupon.com,Software Test Engineer I,Technical University of Sofia
65,Jabez,Quantick,jquantick1s@wordpress.com,Chief Design Engineer,San Diego University for Integrative Studies
66,Rosalinda,Windham,rwindham1t@uiuc.edu,Mechanical Systems Engineer,University of World Economy and Diplomacy
67,Tiffani,Saunder,tsaunder1u@desdev.cn,Media Manager III,Seonam University
68,Alessandra,Halleybone,ahalleybone1v@bing.com,Paralegal,Open University of Hong Kong
69,Clive,Fortin,cfortin1w@macromedia.com,Software Test Engineer III,Chukyo Gakuin University
70,Elliot,Bowcock,ebowcock1x@parallels.com,Information Systems Manager,Gansu Agricultural University
71,Hilary,Pley,hpley1y@washingtonpost.com,Nuclear Power Engineer,Community College of Denver
72,Raff,Grabert,rgrabert1z@java.com,Social Worker,College of St. Catherine
73,Lynn,Prebble,lprebble20@engadget.com,Data Coordiator,Jawaharlal Nehru Centre for Advanced  Scientific Research
74,Bogey,Hamilton,bhamilton21@webnode.com,Geological Engineer,Pes University
75,Jayme,Morhall,jmorhall22@sphinn.com,Electrical Engineer,Katharine Gibbs School
76,Phyllis,Shury,pshury23@goo.gl,Statistician II,Hiroshima University of Economics
77,Renaldo,Gounet,rgounet24@amazon.de,Registered Nurse,"Islamic Azad University, Tafresh"
78,Hilarius,Tesimon,htesimon25@ebay.co.uk,Cost Accountant,"University of the West of England, Bristol"
79,Tiffany,Sabben,tsabben26@amazon.de,Nurse Practicioner,Pontificia Universidad Católica del Perú
80,Maura,de Verson,mdeverson27@aboutads.info,Desktop Support Technician,Universidad Monteávila
81,Addison,Prettejohns,aprettejohns28@dedecms.com,Automation Specialist III,University of Perugia
82,Nancee,Jumeau,njumeau29@eventbrite.com,Account Executive,University of Oregon
83,Frasco,Blunsen,fblunsen2a@salon.com,Administrative Officer,Senzoku Gakuen College
84,Jamey,Berthot,jberthot2b@ocn.ne.jp,Sales Representative,Kokand State Pedagogical Institute
85,Donavon,Deverell,ddeverell2c@vinaora.com,Associate Professor,"United Medical and Dental Schools, University of London"
86,Shelden,Risom,srisom2d@ehow.com,Associate Professor,Weill Medical College of Cornell University
87,Stanton,Orrom,sorrom2e@hatena.ne.jp,Senior Sales Associate,Philippine Military Academy
88,Donia,Bennedsen,dbennedsen2f@unblog.fr,Data Coordiator,"Technological Education Institute of Halkida, Euboea"
89,Lorens,Fleischer,lfleischer2g@edublogs.org,Administrative Officer,Odessa State Medical University
90,Hart,Fabler,hfabler2h@wsj.com,VP Product Management,Colegio de Estudios Superiores de Administración (CESA)
91,Jeane,Mallabund,jmallabund2i@gov.uk,Social Worker,Yeshiva University
92,Aaren,McGill,amcgill2j@amazon.co.jp,Research Assistant III,Nagoya University
93,Kellen,Benedicte,kbenedicte2k@myspace.com,Environmental Tech,Universidade Federal do Maranhão
94,Giraldo,Meach,gmeach2l@ask.com,Data Coordiator,University of Northern Colorado
95,Emmalynn,Reuter,ereuter2m@deliciousdays.com,Structural Engineer,Lutherische Theologische Hochschule Oberursel
96,Dasi,Pedroli,dpedroli2n@squidoo.com,Information Systems Manager,Instituto Universitario de Ciencias de la Salud Fundación H.A. Barceló
97,Roscoe,Mangenet,rmangenet2o@forbes.com,Research Assistant III,Royal Danish School of Pharmacy
98,Stevena,Tenman,stenman2p@omniture.com,Environmental Tech,Shah Abdul Latif University Khairpur
99,Redford,Leyburn,rleyburn2q@springer.com,Professor,Universidad Autónoma de Asunción
100,Guenna,Mahy,gmahy2r@addthis.com,Account Executive,Asahi University
101,Darnall,Crumb,dcrumb2s@theglobeandmail.com,Electrical Engineer,Botswana Accountancy College
102,Ivory,Docwra,idocwra2t@google.ru,Pharmacist,University of Plovdiv
103,Iseabal,Gagg,igagg2u@1688.com,Environmental Specialist,Aston University
104,Happy,Lambell,hlambell2v@dailymail.co.uk,Internal Auditor,Osaka Women's University
105,Filberto,Mayall,fmayall2w@oaic.gov.au,Computer Systems Analyst III,Eastern Nazarene College
106,Freida,Ferrarini,fferrarini2x@jalbum.net,Electrical Engineer,Biola University
107,Ker,Weare,kweare2y@phoca.cz,Chief Design Engineer,Philosophisch-Theologische Hochschule Münster
108,Lavena,Limpenny,llimpenny2z@about.me,Operator,"Florida Metropolitan University, Tampa College Brandon"
109,Carley,Wythe,cwythe30@columbia.edu,Database Administrator II,Wakayama Medical College
110,Billie,Titman,btitman31@phpbb.com,Environmental Tech,Indian Veterinary Research Institute
111,Pearline,Reasce,preasce32@virginia.edu,Actuary,Universität Hildesheim
112,Jacky,Cowins,jcowins33@answers.com,Structural Engineer,Cheljabinsk University of Agricultural Engineering
113,Sky,Osboldstone,sosboldstone34@facebook.com,Marketing Assistant,University of Arkansas for Medical Sciences
114,Viv,Pook,vpook35@huffingtonpost.com,Sales Representative,Sarajevo Film Academy
115,Mack,Ochterlonie,mochterlonie36@jugem.jp,Executive Secretary,Université de l'Uélé
116,Lyell,Brellin,lbrellin37@about.com,Administrative Assistant III,University of Constanta Medical School
117,Debee,Neeves,dneeves38@lycos.com,Systems Administrator II,Universidad Metropolitana
118,Roberto,Staveley,rstaveley39@4shared.com,Marketing Assistant,Darul Quran Islamic College University
119,Dunc,Valti,dvalti3a@blogs.com,Account Coordinator,Semyung University
120,Griff,Turfus,gturfus3b@bbc.co.uk,Accounting Assistant IV,Taibah University
121,Clayson,Quinnet,cquinnet3c@xinhuanet.com,Sales Representative,Universidad Nacional Agraria La Molina
122,Ester,Eddington,eeddington3d@cbslocal.com,Product Engineer,Western International University
123,Tris,Gabbotts,tgabbotts3e@deviantart.com,Biostatistician III,Sichuan Fine Art Institute
124,Carlynne,Compton,ccompton3f@ycombinator.com,Dental Hygienist,Central Radio and TV University
125,Paulette,Kiebes,pkiebes3g@github.io,Payment Adjustment Coordinator,University of Wisconsin - Whitewater
126,Suki,Danielis,sdanielis3h@forbes.com,VP Sales,Kagoshima Women's College
127,Heda,Bestiman,hbestiman3i@cornell.edu,Computer Systems Analyst III,Universidad Tecnológica de Panamá
128,Helga,Belham,hbelham3j@eventbrite.com,Geologist II,University of Zenica
129,Roderigo,Chevins,rchevins3k@comsenz.com,Legal Assistant,Daemen College
130,Adel,Farlambe,afarlambe3l@mtv.com,Mechanical Systems Engineer,Universidade Independente de Angola
131,Lock,McClinton,lmcclinton3m@bbb.org,Financial Advisor,Pontificia Università della Santa Croce
132,Dotti,Cantrell,dcantrell3n@google.fr,Help Desk Technician,Universidade de Uberaba
133,Samuele,Coulthard,scoulthard3o@shinystat.com,Librarian,Cumberland University
134,Lauralee,Gosswell,lgosswell3p@boston.com,Senior Sales Associate,Barber-Scotia College
135,Munmro,Amer,mamer3q@skyrock.com,Professor,Shinshu University
136,Isidoro,Rix,irix3r@stanford.edu,Payment Adjustment Coordinator,Universitas Sebelas Maret
137,Harmonie,Rasell,hrasell3s@xing.com,Director of Sales,Osaka University of Pharmaceutical Sciences
138,Rufus,De Witt,rdewitt3t@squidoo.com,Research Nurse,King's University College
139,Joletta,MacKinnon,jmackinnon3u@businessweek.com,Programmer II,Universidade Salvador
140,Hart,Topham,htopham3v@liveinternet.ru,Quality Control Specialist,Sukhothai Thammathirat Open University
141,Erminie,Le Gall,elegall3w@geocities.jp,Statistician I,Baldwin-Wallace College
142,Penny,Nani,pnani3x@accuweather.com,Director of Sales,Tianjin University of Finance & Economics
143,Mary,Pendergrast,mpendergrast3y@kickstarter.com,Marketing Assistant,Baker College of Flint
144,Carlynn,Chaudret,cchaudret3z@squarespace.com,Senior Financial Analyst,Nagpur University
145,Noella,Tomini,ntomini40@home.pl,Quality Engineer,Hitotsubashi University
146,Cobb,Kindred,ckindred41@columbia.edu,Social Worker,Universidad Domingo Savio
147,Fitzgerald,Bosdet,fbosdet42@elpais.com,Senior Sales Associate,Al-Wataniya Private University
148,Gianna,Masic,gmasic43@nifty.com,Sales Representative,Universidad Especializada de Las Americas
149,Aeriela,Brute,abrute44@edublogs.org,Media Manager IV,Texas Christian University
150,Trisha,Perren,tperren45@odnoklassniki.ru,Analyst Programmer,Rissho University
151,John,Saffell,jsaffell46@rediff.com,Programmer I,Hochschule für Politik (HFP)
152,Roby,Allworthy,rallworthy47@tripod.com,Paralegal,Technische Universität Berlin
153,Faunie,Joost,fjoost48@ft.com,Systems Administrator I,1 December University of Alba Iulia
154,Dorey,Keedy,dkeedy49@harvard.edu,Human Resources Manager,University for Peace
155,Ulrika,Clineck,uclineck4a@blogtalkradio.com,Marketing Assistant,Chongqing University of Post and Telecommunications
156,Terza,Comiskey,tcomiskey4b@ca.gov,Community Outreach Specialist,Universidad Simón Bolivar
157,Liz,Newrick,lnewrick4c@deviantart.com,Safety Technician III,LICCSAL Business College
158,Edyth,Kepp,ekepp4d@studiopress.com,Pharmacist,"The Maryland Institute, College of Art"
159,Glad,Wilde,gwilde4e@fc2.com,Tax Accountant,University of the Philippines Manila
160,Cherye,Stollenberg,cstollenberg4f@pen.io,Librarian,Damascus University
161,Lilli,Andreolli,landreolli4g@hc360.com,Biostatistician I,Université de Bandundu Ville
162,Tiffi,Smead,tsmead4h@dedecms.com,Business Systems Development Analyst,Universität Kaiserslautern
163,Brear,Corsan,bcorsan4i@tripadvisor.com,Payment Adjustment Coordinator,"Rasmussen College, Illinois Campuses"
164,Khalil,Penquet,kpenquet4j@seesaa.net,Community Outreach Specialist,Université Paul Sabatier (Toulouse III)
165,Jaimie,Ziemke,jziemke4k@histats.com,Quality Engineer,South China Normal University
166,Gerladina,Kimmerling,gkimmerling4l@google.es,Safety Technician IV,Universidad El Bosque
167,Daven,Batrim,dbatrim4m@narod.ru,Environmental Specialist,Kagoshima Women's College
168,Tallou,Boniface,tboniface4n@bing.com,Environmental Tech,Novosibirsk State Academy of Economics and Mangement
169,Vita,Callander,vcallander4o@facebook.com,Recruiting Manager,University of Media Arts
170,Carce,Diplock,cdiplock4p@webmd.com,General Manager,Greensboro College
171,Berri,Jachimczak,bjachimczak4q@oaic.gov.au,Data Coordiator,Yelets State University
172,Buffy,Drinkhall,bdrinkhall4r@amazonaws.com,Software Consultant,School of Education Pisa
173,Cassandre,Leynham,cleynham4s@arstechnica.com,Research Nurse,Liaoning Normal University
174,Berenice,Klainer,bklainer4t@tiny.cc,Tax Accountant,Hamadan University of Medical Sciences
175,Catrina,Hewes,chewes4u@archive.org,Speech Pathologist,University of Medicine and Pharmacy of Iasi
176,Bianka,Burgis,bburgis4v@comcast.net,Cost Accountant,Dr. Panjabrao Deshmukh Krishi Vidyapeeth
177,Glen,Milburn,gmilburn4w@quantcast.com,Computer Systems Analyst IV,Universitas Padjadjaran
178,Izzy,Prestner,iprestner4x@cisco.com,Executive Secretary,Brunel University Uxbridge
179,Denice,Jenking,djenking4y@earthlink.net,Database Administrator I,ITT Technical Institute West Covina
180,Serena,Jacobi,sjacobi4z@cbc.ca,Automation Specialist II,Pennsylvania State University at Harrisburg - The Capital College
181,Wolfy,O'Doran,wodoran50@goodreads.com,Biostatistician II,Changsha Railway University
182,Tiff,Greenroyd,tgreenroyd51@uiuc.edu,Recruiting Manager,Washington and Lee University
183,Elga,Sate,esate52@yolasite.com,Administrative Assistant II,Charisma University
184,Hilary,Darell,hdarell53@tinypic.com,Automation Specialist II,Ecole Normale Supérieure de Lyon
185,Sol,Cluer,scluer54@tinypic.com,Biostatistician III,International Buddhist College
186,Devland,Lichfield,dlichfield55@google.pl,Software Consultant,Roanoke College
187,Johannes,Lowbridge,jlowbridge56@sfgate.com,Accounting Assistant II,University of Zenica
188,Joly,Hallad,jhallad57@youtube.com,Computer Systems Analyst II,Stockholm Institute of Education
189,Merill,Hinkensen,mhinkensen58@devhub.com,Desktop Support Technician,University of Portland
190,Scott,Mynett,smynett59@ed.gov,Operator,"Fairleigh Dickinson University, Florham-Madison Campus"
191,Jake,Maliffe,jmaliffe5a@youtube.com,VP Product Management,Université Abdou Moumouni de Niamey
192,Justis,Stickney,jstickney5b@mail.ru,Actuary,Universidad de San Buenaventura
193,Eduardo,Exroll,eexroll5c@github.io,Teacher,Trinity College of Music
194,Elihu,Bonus,ebonus5d@narod.ru,Staff Accountant IV,Baze University Abuja
195,Dodie,Blas,dblas5e@linkedin.com,Tax Accountant,Korea National University of Physical Education
196,Theobald,Kroch,tkroch5f@github.io,Data Coordiator,Wuhan Technical University of Surveying and Mapping
197,Estelle,Sheahan,esheahan5g@vistaprint.com,Clinical Specialist,Chongqing Education College
198,Nicol,Derell,nderell5h@networksolutions.com,Developer III,Southern Medial University
199,Frasier,Fenton,ffenton5i@gnu.org,Design Engineer,Chukyo University
200,Bernardine,Bart,bbart5j@bbb.org,Associate Professor,Otani University
201,Sean,Sambells,ssambells5k@acquirethisname.com,Programmer III,Universidade Bandeirante de São Paulo
202,Leda,Pavek,lpavek5l@paypal.com,Structural Engineer,Soran University
203,Shermy,Bream,sbream5m@wikia.com,Assistant Manager,Universität Salzburg
204,Carlye,Bernardeau,cbernardeau5n@cdbaby.com,Compensation Analyst,Fatima mata national college kollam kerala
205,Billy,Novotna,bnovotna5o@facebook.com,Help Desk Operator,Polytechnic of Namibia
206,Ashien,Gothard,agothard5p@redcross.org,Desktop Support Technician,"California State University, Sacramento"
207,Amalee,Cayzer,acayzer5q@va.gov,Sales Associate,Université Rennes II - Haute-Bretagne
208,Nevin,Klug,nklug5r@shop-pro.jp,Nuclear Power Engineer,Utrecht University
209,Juliet,Waterstone,jwaterstone5s@geocities.jp,Assistant Professor,Al Ahlia University
210,Kellen,Di Lucia,kdilucia5t@abc.net.au,Occupational Therapist,New York College of Podiatric Medicine
211,Doti,Rosenbaum,drosenbaum5u@fda.gov,VP Marketing,Meiji College of Pharmacy
212,Bab,Dowears,bdowears5v@xrea.com,Engineer IV,"Webster University, Vienna"
213,Valdemar,Berrill,vberrill5w@cdbaby.com,Financial Advisor,Universidad Nacional Agraria de la Selva
214,Mathe,Flagg,mflagg5x@cornell.edu,Actuary,Sana'a University
215,Dione,Orpyne,dorpyne5y@japanpost.jp,Junior Executive,"Islamic Azad University, Mashhad"
216,Odell,Lanchester,olanchester5z@addthis.com,Systems Administrator IV,Veterinärmedizinische Universität Wien
217,Mehetabel,Treadwell,mtreadwell60@slate.com,Executive Secretary,"Fachhochschule Rosenheim, Hochschule für Technik und Wirtschaft"
218,Eberhard,Fattorini,efattorini61@army.mil,Programmer Analyst III,Birsk State Pedagogical Institute
219,Hazlett,Duckham,hduckham62@google.it,Editor,John F. Kennedy University
220,Becky,McKerron,bmckerron63@youku.com,Occupational Therapist,National Ribat University
221,Coriss,Lonergan,clonergan64@virginia.edu,Database Administrator II,University of Miskolc
222,Isaac,Filippyev,ifilippyev65@bing.com,Environmental Tech,University of Fine Arts Belgrade
223,Durand,Jaszczak,djaszczak66@prweb.com,Administrative Officer,Bashkir State Pedagogical University named After M. Akmullah
224,Nita,Ballance,nballance67@ox.ac.uk,Professor,Royal College of Physicians of Ireland
225,Aleta,Crates,acrates68@pen.io,Marketing Manager,Fundação Educacional de Ituverava
226,Byrom,Crocker,bcrocker69@patch.com,Biostatistician IV,Virgen Milagrosa University Foundation
227,Loy,Guilloux,lguilloux6a@typepad.com,Computer Systems Analyst IV,Knox College
228,Denny,Cornell,dcornell6b@mlb.com,Product Engineer,Sugiyama Jogakuen University
229,Jana,Romushkin,jromushkin6c@microsoft.com,Administrative Officer,Istanbul Arel University
230,Richie,Beste,rbeste6d@cargocollective.com,Health Coach III,University of Wisconsin - Eau Claire
231,Carline,Bottoms,cbottoms6e@sfgate.com,Data Coordiator,Universidad Obrera de Mexico
232,Cornelius,Jullian,cjullian6f@upenn.edu,Tax Accountant,Universidad Autónoma de Las Américas
233,Reta,Snoding,rsnoding6g@wordpress.org,Research Nurse,University of Pittsburgh at Johnstown
234,Frederigo,Aloshechkin,faloshechkin6h@hc360.com,Database Administrator IV,Federal University of Petroleum Resources
235,Pietro,Tschirasche,ptschirasche6i@de.vu,Business Systems Development Analyst,Faculté Universitaire des Sciences Agronomiques de Gembloux
236,Morgun,Billison,mbillison6j@google.nl,Community Outreach Specialist,Fine Arts Academy in Warsaw
237,Georgie,Simonitto,gsimonitto6k@symantec.com,Sales Associate,Dalanj University
238,Irena,Espinola,iespinola6l@youtube.com,Speech Pathologist,Centenary College
239,Brion,Leverentz,bleverentz6m@europa.eu,Senior Financial Analyst,"Cleveland Chiropractic College, Kansas City"
240,Elnora,Longland,elongland6n@chron.com,Chief Design Engineer,European University Institute
241,Austina,Toynbee,atoynbee6o@google.cn,Staff Accountant I,"Muthesius-Hochschule, Fachhochschule für Kunst und Gestaltung"
242,Olly,Weir,oweir6p@shutterfly.com,Social Worker,Peking University
243,Cathyleen,Mirrlees,cmirrlees6q@i2i.jp,Programmer Analyst I,Virginia College
244,Nerta,Borth,nborth6r@prlog.org,Programmer II,Assumption University of Thailand
245,Nicki,Gravell,ngravell6s@wix.com,Accountant III,Vinnica National Technical University
246,Liuka,Shillinglaw,lshillinglaw6t@gnu.org,Occupational Therapist,California Polytechnic State University - San Luis Obispo
247,Rici,Raggatt,rraggatt6u@washington.edu,Electrical Engineer,"National American University, Denver"
248,Sophie,Christian,schristian6v@usgs.gov,Product Engineer,Zayed University
249,Cyrillus,Revett,crevett6w@w3.org,Health Coach I,Karaganda State Technical University
250,Isabelita,Goodband,igoodband6x@godaddy.com,Legal Assistant,University of Science and Technology
251,Amanda,Heers,aheers6y@ucoz.com,Software Consultant,"Akrofi-Christaller Institute of Theeology, Mission and  Culture"
252,Zorah,Pedlar,zpedlar6z@sourceforge.net,Compensation Analyst,Gyeongsang National University
253,Mitchell,McMurdo,mmcmurdo70@sciencedaily.com,Desktop Support Technician,Krasnoyarsk State Technical University
254,Dex,Todd,dtodd71@wired.com,Geologist II,RCSI-Medical University of Bahrain
255,Bren,Van Bruggen,bvanbruggen72@epa.gov,Programmer Analyst II,National College of Art and Design
256,Arlan,Brigg,abrigg73@so-net.ne.jp,Junior Executive,Sapporo International University
257,Reynold,Lamplugh,rlamplugh74@fema.gov,Occupational Therapist,Palestine Technical University - Kadoorie
258,Sheila-kathryn,Bunch,sbunch75@twitpic.com,Food Chemist,Central Agricultural University
259,Aubrette,Cheek,acheek76@blinklist.com,Information Systems Manager,Neumann College
260,Renie,Bellenie,rbellenie77@furl.net,Programmer Analyst I,Universidade Católica de Pernambuco
261,Tamas,Sackett,tsackett78@usatoday.com,Sales Associate,Meiji Gakuin University
262,Desi,Whitington,dwhitington79@umn.edu,Health Coach I,"Rasmussen College, Minnesota Campuses"
263,Murvyn,Ainsbury,mainsbury7a@wikimedia.org,Environmental Specialist,Indian University
264,Anallise,Yetton,ayetton7b@blogger.com,VP Quality Control,Brenau University
265,Ariel,Castagne,acastagne7c@ft.com,Systems Administrator I,University of Kerala
266,Saunder,Goold,sgoold7d@google.com.br,Cost Accountant,Universidad de la Marina Mercante
267,Brandy,Obispo,bobispo7e@goo.gl,Speech Pathologist,Motilal Nehru National Institute Of Technology
268,Connor,Kinder,ckinder7f@blinklist.com,Nuclear Power Engineer,Xi'an University of Electronic Science and Technology
269,Rourke,Jaggs,rjaggs7g@mlb.com,Marketing Manager,Mzuzu University
270,Christophorus,Deniset,cdeniset7h@spiegel.de,Environmental Specialist,Universitas Syiah Kuala
271,Rochester,Mohammed,rmohammed7i@chicagotribune.com,Senior Developer,Hemwati Nandan Bahuguna Garhwal University
272,Miguel,Jordan,mjordan7j@netvibes.com,Human Resources Assistant III,Bellin College of Nursing
273,Camella,Buckwell,cbuckwell7k@va.gov,VP Marketing,Université de Metz
274,Fremont,Vasilyonok,fvasilyonok7l@studiopress.com,Marketing Assistant,Université de la Méditerranée (Aix Marseille II)
275,Goddart,Niaves,gniaves7m@wikia.com,Tax Accountant,Universidad Pedagógica Nacional
276,Quinta,Ivatts,qivatts7n@hugedomains.com,Sales Associate,The Johns Hopkins University
277,Jonis,Tremmil,jtremmil7o@tinyurl.com,VP Marketing,Afeka Tel Aviv Academic College of Engineering
278,Wilmette,Blanchet,wblanchet7p@photobucket.com,Electrical Engineer,Bankura University
279,Nathanil,Ettridge,nettridge7q@barnesandnoble.com,Chemical Engineer,Harran University
280,Mortimer,Clitheroe,mclitheroe7r@spiegel.de,Design Engineer,Chungnam National University
281,Gordie,Corney,gcorney7s@woothemes.com,Web Designer I,St. Augustine's College North Carolina
282,Starla,Swann,sswann7t@statcounter.com,Accountant II,Addis Ababa University
283,Dallis,Kegley,dkegley7u@wp.com,Design Engineer,"International School of New Media, University of Lübeck"
284,Abe,Fairbrother,afairbrother7v@quantcast.com,Graphic Designer,Universidade de Tocantins
285,Blane,Abdy,babdy7w@accuweather.com,Web Developer I,State University of New York Empire State College
286,Liva,Noen,lnoen7x@ehow.com,Administrative Assistant I,Universidad Cientifica del Sur
287,Dorothee,Staning,dstaning7y@boston.com,Recruiting Manager,University of Burdwan
288,Donal,Trott,dtrott7z@statcounter.com,Registered Nurse,Université Hassan II - Mohammadia
289,Aigneis,Myatt,amyatt80@drupal.org,Office Assistant II,University of Kufa
290,Corny,Trump,ctrump81@answers.com,Senior Financial Analyst,Shanghai Jiaotong University
291,Tome,Beagley,tbeagley82@stumbleupon.com,Marketing Assistant,Fatih University
292,Gareth,Ulyatt,gulyatt83@imageshack.us,Biostatistician I,University of Louisiana at Monroe
293,Colly,Bullus,cbullus84@yelp.com,VP Quality Control,Damanhour University
294,Johnnie,Roughey,jroughey85@dell.com,Marketing Assistant,Southern Arkansas University
295,Blayne,Roof,broof86@comcast.net,Editor,University of Wamia and Masuria in Olsztyn
296,Corabel,Meachan,cmeachan87@cnbc.com,Senior Cost Accountant,Illinois State University
297,Bryant,Drioli,bdrioli88@booking.com,Accounting Assistant III,Iowa Wesleyan College
298,Johannah,Gritton,jgritton89@nydailynews.com,Budget/Accounting Analyst IV,Sindh Madressatul Islam University
299,Tiler,Tommasi,ttommasi8a@upenn.edu,Civil Engineer,Dhaka International University
300,Rebeca,Withnall,rwithnall8b@1688.com,Web Designer IV,Kongju National University
301,Margie,Domerc,mdomerc8c@ibm.com,Accountant I,Fachhochschulstudiengänge Steyr
302,Yolanthe,Bechley,ybechley8d@blogger.com,Accounting Assistant III,Richmond University - The American International University in London
303,Mitch,Antonijevic,mantonijevic8e@eepurl.com,Data Coordiator,Ecole Centrale de Lyon
304,Zelig,Whopples,zwhopples8f@icio.us,Analyst Programmer,Eastern Conservatory of Music
305,Filmore,Gandar,fgandar8g@ow.ly,Accountant IV,Pacific Union College
306,Jasmina,Peeke-Vout,jpeekevout8h@abc.net.au,VP Product Management,Le Moyne-Owen College
307,Gill,Ogelbe,gogelbe8i@dedecms.com,Chemical Engineer,Luxun Academy of Fine Art
308,King,Swenson,kswenson8j@examiner.com,Director of Sales,SMK Fomra Institute of Technology
309,Myrna,Dungey,mdungey8k@usatoday.com,Electrical Engineer,Universidade Salgado de Oliveira
310,Westleigh,Gallego,wgallego8l@fc2.com,Internal Auditor,Midway College
311,Sallyann,Spencers,sspencers8m@tmall.com,Assistant Professor,Lithunian University of Agriculture
312,Laurette,Brayne,lbrayne8n@seattletimes.com,Design Engineer,Tezukayama University
313,Brigitte,Broker,bbroker8o@biglobe.ne.jp,Quality Engineer,Saitama Medical School
314,Arleta,Corser,acorser8p@livejournal.com,Project Manager,Chapman University
315,Conchita,Thresh,cthresh8q@phoca.cz,Clinical Specialist,Red Sea University
316,Giselbert,McDyer,gmcdyer8r@prweb.com,Office Assistant IV,University of North Carolina at Charlotte
317,Arley,Rouse,arouse8s@timesonline.co.uk,Safety Technician II,Universitas Putera Batam
318,Sloane,Roscrigg,sroscrigg8t@photobucket.com,Structural Analysis Engineer,Nipissing University
319,Nanni,Luesley,nluesley8u@tumblr.com,Recruiting Manager,Thiagarajar College of Engineering
320,Joceline,McAllaster,jmcallaster8v@webs.com,Cost Accountant,Baze University Abuja
321,Valentino,Sesser,vsesser8w@wisc.edu,Media Manager IV,University of Silvaner
322,Arte,Kayne,akayne8x@bloglines.com,VP Sales,"Royal College of Music, University of London"
323,Ellen,Petranek,epetranek8y@geocities.jp,Legal Assistant,"School of Oriental and African Studies, University of London"
324,Prudence,Iapico,piapico8z@shop-pro.jp,Recruiting Manager,Krishna University
325,Mariya,Dainton,mdainton90@redcross.org,Sales Representative,University of Kent at Canterbury
326,Raffarty,Rijkeseis,rrijkeseis91@is.gd,Tax Accountant,European University at St.Petersburg
327,Jarrid,Jenkison,jjenkison92@google.fr,Account Coordinator,University of Somalia
328,Loise,Alf,lalf93@edublogs.org,Information Systems Manager,Universidade Federal de Mato Grosso
329,Samson,Matthius,smatthius94@bandcamp.com,Software Consultant,University Of Dubai
330,Angelico,Yashanov,ayashanov95@uiuc.edu,Structural Engineer,University of Evansville
331,North,Jakubski,njakubski96@fc2.com,Nurse,Université de la Reunion
332,Jenine,Hullock,jhullock97@godaddy.com,Environmental Tech,Elmergib University
333,Virge,Wayman,vwayman98@fastcompany.com,Legal Assistant,University of Trinity College
334,Ulla,Torrance,utorrance99@cbc.ca,Sales Representative,"Davenport College of Business, Lansing"
335,Bald,Pavie,bpavie9a@discovery.com,Civil Engineer,University of the Southwest
336,Elane,Mountstephen,emountstephen9b@cargocollective.com,Accounting Assistant I,Academia de Studii Economice din Bucuresti
337,Frank,Pescott,fpescott9c@springer.com,Geologist III,Universidad del Cauca
338,Timmie,Emney,temney9d@hibu.com,Nuclear Power Engineer,Moscow Institute of Physics and Technology
339,Beaufort,Darrigoe,bdarrigoe9e@technorati.com,Dental Hygienist,Université d'Auvergne (Clermont-Ferrand I)
340,Sharyl,Osan,sosan9f@google.es,Teacher,University of Perugia
341,Kennie,Tydeman,ktydeman9g@sciencedaily.com,Associate Professor,Universidad de Concepcion
342,Levin,Winsom,lwinsom9h@shareasale.com,Programmer Analyst II,Universitas Islam Jakarta
343,Gabi,Whiteland,gwhiteland9i@nhs.uk,Project Manager,College of New Rochelle
344,Halley,Faustian,hfaustian9j@nba.com,Account Representative II,Petro Mohyla Black Sea State University
345,Alfonse,Marunchak,amarunchak9k@npr.org,Sales Associate,Tver State Technical University
346,Anestassia,Parrot,aparrot9l@harvard.edu,Recruiter,Truman State University
347,Issi,Keaysell,ikeaysell9m@noaa.gov,Design Engineer,"University of the Punjab, Gujranwala Campus"
348,Raynard,Wallbank,rwallbank9n@edublogs.org,Research Assistant I,University of Ferrara
349,Leanor,Flaverty,lflaverty9o@people.com.cn,Design Engineer,"Maharaja Ganga Singh University, Bikaner"
350,Yolande,Lethbridge,ylethbridge9p@mozilla.org,Biostatistician III,University of Miskolc
351,Emelen,Scampion,escampion9q@tumblr.com,Junior Executive,"Universidad Interamericana de Puerto Rico, Bayamón"
352,Glenda,Dronsfield,gdronsfield9r@weebly.com,Pharmacist,University of Veterinary Medicine in Kosice
353,Alta,Khosa,akhosa9s@washingtonpost.com,Graphic Designer,Engineering College of Aarhus
354,Colver,Van Der Hoog,cvanderhoog9t@ucsd.edu,Software Consultant,Pädagogische Hochschule Zürich (Zurich School of Education)
355,Maure,Minker,mminker9u@booking.com,Recruiter,Staffordshire University
356,Olly,Lardier,olardier9v@examiner.com,Editor,Qauid-e-Awam University of Engineering Sciences & Technology
357,Etan,Sindle,esindle9w@unesco.org,Financial Advisor,Universidad Autónoma de Yucatán
358,Earvin,Wallman,ewallman9x@state.tx.us,Clinical Specialist,Purdue University
359,Llywellyn,Frankham,lfrankham9y@tumblr.com,Budget/Accounting Analyst I,Université Jean Moulin (Lyon III)
360,Paola,Harbinson,pharbinson9z@cpanel.net,Media Manager III,Osun State University
361,Theobald,Cisco,tciscoa0@amazon.com,VP Marketing,Universidad Insurgentes Plantel León
362,Wainwright,Grason,wgrasona1@nytimes.com,Nurse,Kogakkan University
363,Aurel,Lambarton,alambartona2@wufoo.com,Technical Writer,Université des Sciences et de la Technologie Houari Boumediène
364,Silas,Laffranconi,slaffranconia3@zdnet.com,Director of Sales,Scott Christian University
365,Ada,Yakutin,ayakutina4@sina.com.cn,Assistant Manager,Atish Dipankar University
366,Markos,Jaycock,mjaycocka5@posterous.com,Software Engineer II,TPM College
367,Celestyna,Mountney,cmountneya6@soundcloud.com,Environmental Tech,Universidad Privada Juan Mejía Baca
368,Erroll,Liff,eliffa7@furl.net,Staff Accountant III,Rusangu University
369,Knox,Ruperti,krupertia8@marriott.com,Teacher,"Schiller International University, American College of Switzerland"
370,Benedetta,Thridgould,bthridgoulda9@xrea.com,Assistant Manager,Gdynia Maritime Academy
371,Melvin,Kilban,mkilbanaa@goo.ne.jp,Research Nurse,Johnson Bible College
372,Shelley,Keenlyside,skeenlysideab@soundcloud.com,Geological Engineer,Near East School of Theology
373,Agathe,Stuke,astukeac@go.com,Media Manager III,University of Sulaimania (Kurdistan Region)
374,Valaree,Robic,vrobicad@jimdo.com,Desktop Support Technician,Universität Graz
375,Ynez,Michie,ymichieae@baidu.com,Programmer Analyst IV,Universidad de Lima
376,Norton,Canet,ncanetaf@people.com.cn,Director of Sales,First Nations University of Canada
377,Artair,Brixey,abrixeyag@twitpic.com,Civil Engineer,Universidade Estadual de Montes Claros
378,Lorilyn,Curryer,lcurryerah@time.com,Account Executive,University of the Philippines Baguio
379,Jerrilyn,Threlfall,jthrelfallai@smugmug.com,Programmer I,University of Electronic Science and Technology of China
380,Efrem,Cunde,ecundeaj@sfgate.com,Media Manager I,Ecole Nationale Supérieure de Chimie de Paris
381,Niven,Aleavy,naleavyak@thetimes.co.uk,Structural Analysis Engineer,Universidade Federal Rural de Pernambuco
382,Everard,Maskelyne,emaskelyneal@yelp.com,Systems Administrator IV,Ueno Gakuen College
383,Courtnay,Riddoch,criddocham@admin.ch,Assistant Professor,Huron University USA in London
384,Parker,Withur,pwithuran@domainmarket.com,Legal Assistant,University of Saint La Salle
385,Valentine,Glendenning,vglendenningao@instagram.com,Quality Control Specialist,Universität Passau
386,Debbi,Nockolds,dnockoldsap@mlb.com,Office Assistant I,Instituto Superior Politécnico e Universitário
387,Thomasa,Bentzen,tbentzenaq@techcrunch.com,Professor,Molde University College
388,Drusie,Abrahmson,dabrahmsonar@paginegialle.it,Sales Representative,Free Will Baptist Bible College
389,Blinni,Beurich,bbeurichas@ehow.com,Budget/Accounting Analyst II,Meikai University
390,Gardner,Bortolini,gbortoliniat@yahoo.com,Administrative Assistant III,Institute of Business Administration (IBA)
391,Brit,Bourdel,bbourdelau@nyu.edu,Electrical Engineer,Gwangju Catholic College
392,Tommi,Joel,tjoelav@netscape.com,Statistician IV,Jingdezhen China Institute
393,Claudian,Smeal,csmealaw@simplemachines.org,Geological Engineer,National University of Uzbekistan
394,Morgen,Tulley,mtulleyax@instagram.com,VP Quality Control,University of Split
395,Haskell,Amthor,hamthoray@foxnews.com,VP Quality Control,Instituto Universitario de La Paz
396,Eberto,Dewbury,edewburyaz@unicef.org,Office Assistant II,Indian School of Mines (ISM)
397,Dyann,Wennington,dwenningtonb0@toplist.cz,Automation Specialist III,Ateneo de Davao University
398,Becca,Cowthart,bcowthartb1@sciencedirect.com,VP Product Management,Military academy of Lithuania
399,Robby,McGhee,rmcgheeb2@yellowbook.com,Accounting Assistant II,Technological Education Institute of Serres
400,Sharla,Deabill,sdeabillb3@twitter.com,Budget/Accounting Analyst II,Tokyo National University of Fine Arts and Music
401,Fred,Raynes,fraynesb4@twitpic.com,Nurse,Hebei United University
402,Lenka,Brightman,lbrightmanb5@boston.com,VP Product Management,College in Sládkovičovo
403,Allissa,Thomelin,athomelinb6@vimeo.com,Environmental Specialist,Universidad Técnica de Manabí
404,Kissee,Wenban,kwenbanb7@wired.com,Legal Assistant,Komsomolsk-on-Amur State Technical University
405,Granny,Bellwood,gbellwoodb8@netscape.com,Analyst Programmer,Universidad Pedagógica Experimental Libertador
406,Broderic,Titta,btittab9@mtv.com,Analog Circuit Design manager,Maine College of Art
407,Bret,Iacovelli,biacovelliba@netscape.com,Tax Accountant,Leyte State University 
408,Derby,Inseal,dinsealbb@exblog.jp,Tax Accountant,Universidad Autónoma de Colombia
409,Alistair,Ranstead,aransteadbc@nih.gov,Research Associate,Inönü University
410,Gordy,Vescovo,gvescovobd@hexun.com,Business Systems Development Analyst,Universitas Muhammadiyah Malang
411,Waylen,Lambrook,wlambrookbe@un.org,Clinical Specialist,East-West University
412,Manda,Nozzolinii,mnozzoliniibf@bluehost.com,Legal Assistant,St. Augustine International University
413,Lavina,de Villier,ldevillierbg@youku.com,Engineer IV,"Newcastle University, Medicine Malaysia "
414,Arabele,Rosenblad,arosenbladbh@mysql.com,Data Coordiator,University of Chester
415,Alfie,Antonoczyk,aantonoczykbi@sohu.com,Nurse Practicioner,Suleyman Demirel University
416,Brooks,Mycock,bmycockbj@oakley.com,VP Product Management,University of North Carolina at Pembroke
417,Jacqueline,Meran,jmeranbk@adobe.com,Budget/Accounting Analyst IV,Université du Burundi
418,Guendolen,Gatlin,ggatlinbl@xinhuanet.com,Occupational Therapist,Saitama Prefectural University
419,Hubert,Rigate,hrigatebm@mapquest.com,Social Worker,Tibet Tibetan Medical College
420,Abeu,Gamett,agamettbn@spiegel.de,Geological Engineer,Stamford University
421,Lexy,Thurling,lthurlingbo@lulu.com,Developer II,Vikram University
422,Griselda,Sparsholt,gsparsholtbp@weebly.com,Nurse Practicioner,Université de Cocody
423,Oby,Hucks,ohucksbq@storify.com,Food Chemist,Rogers State University
424,Marline,Hischke,mhischkebr@xrea.com,Social Worker,Universidad Autónoma del Carmen
425,Shantee,Laurisch,slaurischbs@google.fr,Research Associate,National Institute of Fitness and Sports Kanoya
426,Amos,Flanigan,aflaniganbt@sun.com,Internal Auditor,Lithuania Christian College
427,Siana,McMurthy,smcmurthybu@jimdo.com,Assistant Professor,College of Notre Dame
428,Pris,Flack,pflackbv@slate.com,Biostatistician I,Lorestan University of Medical Sciences
429,Domenic,Northage,dnorthagebw@samsung.com,Financial Analyst,Kinjo Gakuin University
430,Kate,Jaquet,kjaquetbx@edublogs.org,Recruiting Manager,Semey State University
431,Rhoda,Barwise,rbarwiseby@hatena.ne.jp,Project Manager,Universidad Marcelino Champagnat
432,Karita,Headington,kheadingtonbz@godaddy.com,Assistant Manager,Kochi Medical School
433,Donetta,Hadeke,dhadekec0@nifty.com,Registered Nurse,Ivanovo State University of Chemistry and Technology
434,Maura,Verrechia,mverrechiac1@samsung.com,Research Assistant IV,All India Institute of Medical Sciences
435,Consalve,Strippel,cstrippelc2@diigo.com,Marketing Manager,European University at St.Petersburg
436,Ginnifer,Wort,gwortc3@photobucket.com,Database Administrator II,Université du Québec à Trois-Rivières
437,Anitra,Rickhuss,arickhussc4@fastcompany.com,Professor,Universidad Central
438,Morly,Aguirre,maguirrec5@photobucket.com,Tax Accountant,Jubail University College
439,Nataline,Bentke,nbentkec6@phpbb.com,Recruiter,Universidade do Estado de Santa Catarina
440,Derk,Korn,dkornc7@lulu.com,Paralegal,Pontifcia Università Urbaniana
441,Ashia,Matissoff,amatissoffc8@slideshare.net,Quality Control Specialist,Florida Community College at Jacksonville
442,Rhody,Marquez,rmarquezc9@dion.ne.jp,Human Resources Assistant III,John Carroll University
443,Carson,Baud,cbaudca@photobucket.com,Account Executive,Novosibirsk State University
444,Rochette,Brounfield,rbrounfieldcb@hatena.ne.jp,Physical Therapy Assistant,Aligarh Muslim University
445,Yancey,Ulrik,yulrikcc@epa.gov,Professor,Sri Lanka Institute of Information Technology (SLIT)
446,Rowe,Fairlem,rfairlemcd@creativecommons.org,Recruiter,Manuel L. Quezon University
447,Elane,Crockatt,ecrockattce@stanford.edu,Senior Developer,Universidad del Mar
448,Deina,Saffell,dsaffellcf@tuttocitta.it,Safety Technician IV,Higher School of Economics
449,Lotte,Lynskey,llynskeycg@printfriendly.com,Information Systems Manager,Visva-Bharati University
450,Wileen,Gonthard,wgonthardch@businessinsider.com,Geologist III,San Joaquin College of Law
451,Emlynne,Pesticcio,epesticcioci@independent.co.uk,Computer Systems Analyst II,Universidad Regiomontana
452,Nelly,Wakelam,nwakelamcj@friendfeed.com,Help Desk Technician,McGill University
453,Kingsley,McPharlain,kmcpharlainck@apache.org,Physical Therapy Assistant,Ankara University
454,Isis,Jewster,ijewstercl@wordpress.com,Administrative Assistant III,University of Engineering and Technology Lahore
455,Constantine,Melville,cmelvillecm@eventbrite.com,Senior Financial Analyst,Privredna Akademija (Business Academy)
456,Lorenza,Spreull,lspreullcn@earthlink.net,Internal Auditor,Kiev National Economic University Named after Vadym Hetman
457,Pepi,Gellett,pgellettco@de.vu,Financial Analyst,Daffodil International University
458,Benita,Cona,bconacp@imageshack.us,Analyst Programmer,Universidad del Noreste
459,Vida,Piggott,vpiggottcq@va.gov,Health Coach II,State University of New York at Albany
460,Georgianna,Lazell,glazellcr@blogs.com,Geologist I,University Institute of Modern Languages
461,Giustina,Seeney,gseeneycs@nba.com,Budget/Accounting Analyst IV,Technische Universität Bergakademie Freiberg
462,Revkah,Louden,rloudenct@canalblog.com,Senior Sales Associate,University of Ottawa
463,Kati,Toffanini,ktoffaninicu@newsvine.com,Nurse Practicioner,Minnesota Bible College
464,Franz,Lukins,flukinscv@springer.com,Associate Professor,Université de la Reunion
465,Freddie,Kalinke,fkalinkecw@google.com.br,Account Representative III,Academy of Economics in Poznan
466,Cesar,Gettins,cgettinscx@bizjournals.com,Administrative Assistant I,Medical Academy in Bialystok
467,Shaine,Giraldo,sgiraldocy@symantec.com,Physical Therapy Assistant,Kharkiv State Technical University of Construction and Architecture
468,Solly,Glen,sglencz@linkedin.com,Design Engineer,"Universidad ""Adolfo Ibañez"""
469,Rolland,O'Fihily,rofihilyd0@alexa.com,General Manager,SRH University of Applied Sciences
470,Cindie,Pardey,cpardeyd1@quantcast.com,Environmental Specialist,Hellenic Army Academy
471,Weider,Stitcher,wstitcherd2@1und1.de,Analyst Programmer,American University College of Technology
472,Olga,Verdy,overdyd3@webs.com,GIS Technical Architect,Volgograd State Technical University
473,Matthaeus,Andersch,manderschd4@disqus.com,Cost Accountant,King's University College
474,Philly,Cornels,pcornelsd5@e-recht24.de,Graphic Designer,Estonian Academy of Security Sciences
475,Sebastien,Southwell,ssouthwelld6@oaic.gov.au,Accounting Assistant III,DEI Bachelor & Master Degrees
476,Rourke,Tinker,rtinkerd7@uiuc.edu,Associate Professor,"University of the Punjab, Gujranwala Campus"
477,Darcey,Birch,dbirchd8@liveinternet.ru,Programmer Analyst IV,University of Balochistan
478,Inger,Broadbear,ibroadbeard9@linkedin.com,Business Systems Development Analyst,Sherman College of Straight Chiropractic
479,Corbett,Crumb,ccrumbda@dmoz.org,Web Developer I,Zaporizhzhe National University
480,Aurora,Bartali,abartalidb@addtoany.com,Engineer IV,Keene State College
481,Rafaelita,Dow,rdowdc@list-manage.com,Food Chemist,University of Education Hradec Kralove
482,Eada,Scowcroft,escowcroftdd@histats.com,GIS Technical Architect,Austin Peay State University
483,Chalmers,Lowater,clowaterde@naver.com,Help Desk Technician,Voronezh State Pedagogical University
484,Noellyn,De Giorgio,ndegiorgiodf@domainmarket.com,Budget/Accounting Analyst II,Universitas Semarang
485,Kenn,Fenge,kfengedg@woothemes.com,Statistician III,Kwangju National University of Education
486,Dorotea,Loughlin,dloughlindh@soup.io,Compensation Analyst,Wuyi University
487,Blondell,Glendining,bglendiningdi@theglobeandmail.com,Professor,Dagestan State University
488,Linoel,Sancroft,lsancroftdj@linkedin.com,Junior Executive,Universitas Sultan Ageng Tirtayasa
489,Madel,Hearn,mhearndk@hao123.com,Community Outreach Specialist,Technological Education Institute of Larissa
490,Sydney,Dearing,sdearingdl@netlog.com,Environmental Tech,Alvernia College
491,Nelli,Double,ndoubledm@csmonitor.com,Information Systems Manager,Ecole Supérieure d'Electronique de l'Ouest
492,Westbrooke,Strahan,wstrahandn@reference.com,Assistant Manager,"University of the West of England, Bristol"
493,Nesta,Bushaway,nbushawaydo@earthlink.net,Actuary,Birmingham-Southern College
494,Franzen,McNelis,fmcnelisdp@live.com,Geological Engineer,University of Central Punjab
495,Charles,Alenikov,calenikovdq@yandex.ru,Clinical Specialist,"University of California, San Diego"
496,Syd,Jedraszek,sjedraszekdr@oracle.com,Office Assistant I,College of William and Mary
497,Umeko,Joska,ujoskads@goo.gl,Budget/Accounting Analyst II,Spertus Institute of Jewish Studies
498,Weylin,Pulfer,wpulferdt@cornell.edu,Budget/Accounting Analyst II,Nanjing Union Theological Seminary
499,Brear,Cawthorn,bcawthorndu@homestead.com,Geological Engineer,Bircham International University
500,Cori,Aitkin,caitkindv@omniture.com,Programmer III,Marymount Manhattan College
501,Caryn,Bowra,cbowradw@arizona.edu,Information Systems Manager,University of Texas
502,Jackie,Peter,jpeterdx@amazon.de,Internal Auditor,Beijing Institute of Technology
503,Lorri,Rolston,lrolstondy@parallels.com,Developer IV,Eindhoven University of Technology
504,Giselbert,Hawkey,ghawkeydz@istockphoto.com,Community Outreach Specialist,Université de Kisangani
505,Merrel,Heskey,mheskeye0@virginia.edu,VP Sales,Université Badji Mokhtar
506,Wynn,Ilott,wilotte1@dot.gov,Web Developer IV,Universität Paderborn
507,Norman,Lemery,nlemerye2@sbwire.com,Help Desk Operator,"Institute of Teachers Education, Tawau"
508,Yettie,Deniskevich,ydeniskeviche3@digg.com,Community Outreach Specialist,North Carolina School of the Arts
509,Corena,Bohike,cbohikee4@clickbank.net,Financial Analyst,Universitas Muhammadiyah Sumatra Utara
510,Simona,Treharne,streharnee5@cam.ac.uk,Health Coach III,Hollins University
511,Federica,Lattimore,flattimoree6@tinypic.com,Research Assistant II,Transylvania University
512,Granger,Lordon,glordone7@irs.gov,Pharmacist,Universidad Técnica de Machala
513,Pancho,Scoggans,pscogganse8@cmu.edu,Engineer IV,Abdus Salam international centre for theoretical physics
514,Mignon,Swaddle,mswaddlee9@nih.gov,Desktop Support Technician,Punjabi University Patiala
515,Hunfredo,Kochel,hkochelea@statcounter.com,VP Marketing,University of Music and Fine Arts
516,Shel,Stotherfield,sstotherfieldeb@opera.com,Developer I,Stonehill College
517,Galven,Gerding,ggerdingec@storify.com,Social Worker,Ateneo de Naga University
518,Portie,Willmetts,pwillmettsed@gov.uk,Legal Assistant,Universidad Pedagogica Nacional
519,Nickey,Venton,nventonee@cisco.com,Paralegal,Eelo American University
520,Nannette,Mulcock,nmulcockef@fema.gov,Desktop Support Technician,Universitas Indonesia
521,Evan,Heilds,eheildseg@toplist.cz,Database Administrator I,Technological University (Monywa)
522,Vivi,Connue,vconnueeh@paypal.com,Senior Quality Engineer,Anhui Technical College of Water Resources and Hydroelectric Power
523,Winnie,Le Estut,wleestutei@spotify.com,Financial Advisor,Universidad Mariano Egaña
524,Jillane,Donohue,jdonohueej@tripadvisor.com,Programmer IV,Open University of Sri Lanka
525,Bart,Kennedy,bkennedyek@vistaprint.com,Research Nurse,Universidad de Valparaiso
526,Ninette,Bloom,nbloomel@sakura.ne.jp,VP Sales,Red Sea University
527,Paten,Loadwick,ploadwickem@flickr.com,Account Coordinator,Huron University
528,Sheena,Kennett,skennetten@gnu.org,Desktop Support Technician,College of the Atlantic
529,Kellie,Alvar,kalvareo@apple.com,Food Chemist,Universidad Privada Sergio Bernales
530,Reggie,Ruffli,rruffliep@sun.com,Sales Representative,University of Ulster
531,Almeria,Lodge,alodgeeq@etsy.com,Nurse Practicioner,"Islamic Azad University, Kerman"
532,Gladys,McMurtyr,gmcmurtyrer@g.co,VP Sales,National Technological University
533,Griswold,Morville,gmorvillees@oaic.gov.au,VP Sales,University of York
534,Edik,Jakeway,ejakewayet@geocities.com,Media Manager IV,Guangxi Medical University
535,Wolf,Thwaite,wthwaiteeu@histats.com,Marketing Manager,All India Institute of Medical Sciences
536,Merci,Verzey,mverzeyev@twitpic.com,Budget/Accounting Analyst IV,Universidad Católica Santo Toribio de Mogrovejo
537,Arliene,Terlinden,aterlindenew@elegantthemes.com,Account Representative I,Obirin University
538,Elisabeth,Curdell,ecurdellex@feedburner.com,VP Sales,Dadabhoy Institute of Higher Education
539,Bernardine,Yesinov,byesinovey@usda.gov,Research Associate,Landmark University
540,Earlie,Tenpenny,etenpennyez@bbc.co.uk,Occupational Therapist,Universidad de Santiago de Compostela
541,Gaspar,Pounder,gpounderf0@liveinternet.ru,Senior Quality Engineer,Graceland College
542,Shelley,Craker,scrakerf1@macromedia.com,Cost Accountant,Universidad del Zulia
543,Lira,Doerling,ldoerlingf2@biblegateway.com,Design Engineer,International Islamic College
544,Maridel,Smart,msmartf3@amazon.com,Professor,Bournemouth University
545,Carling,Crossgrove,ccrossgrovef4@zdnet.com,Desktop Support Technician,Wake Forest University
546,Gustave,Mantione,gmantionef5@un.org,Recruiting Manager,Université Henri Poincaré (Nancy I)
547,Yurik,Skelbeck,yskelbeckf6@independent.co.uk,Marketing Assistant,Fine Arts Academy in Poznan
548,Dedra,Kall,dkallf7@youtu.be,Geological Engineer,Vignan University
549,Aubert,Boch,abochf8@t-online.de,Project Manager,Fachhochschule Münster
550,Grove,Baxstare,gbaxstaref9@goo.gl,VP Marketing,Jigjiga University
551,Clareta,McTeague,cmcteaguefa@oaic.gov.au,Registered Nurse,Western Bible College
552,Kitty,Bunhill,kbunhillfb@chron.com,Senior Quality Engineer,Belarussian State Economic University
553,Selena,Perrie,sperriefc@pbs.org,Financial Advisor,University of Illinois at Springfield
554,Marjie,Bossom,mbossomfd@walmart.com,Biostatistician I,Universidad Adventista de Colombia
555,Consuela,Luscott,cluscottfe@kickstarter.com,Administrative Assistant III,Iona College
556,Brigham,Musslewhite,bmusslewhiteff@squarespace.com,Legal Assistant,Vologda State Pedagogical University
557,Lanette,Mertsching,lmertschingfg@wikispaces.com,Accounting Assistant I,Salve Regina University
558,Hobie,Samways,hsamwaysfh@cnet.com,Recruiter,University of San Francisco
559,Wallace,Garden,wgardenfi@facebook.com,Quality Engineer,Instituto Universitario de la Policia Federal
560,Tybie,Toffoloni,ttoffolonifj@adobe.com,Computer Systems Analyst II,Lakeland College
561,Ailis,Einchcombe,aeinchcombefk@economist.com,Structural Analysis Engineer,Fachhochschule Braunschweig/Wolfenbüttel
562,Merle,Hannaby,mhannabyfl@miibeian.gov.cn,Chemical Engineer,Kafr El-Sheikh University
563,Sanderson,Bernier,sbernierfm@yale.edu,Administrative Assistant I,Union College
564,Claudius,Cherrison,ccherrisonfn@fotki.com,Teacher,Nanjing University of Chemical Technology
565,Neda,Caught,ncaughtfo@washington.edu,Staff Accountant II,"Schiller International University, Paris"
566,Thatch,Keir,tkeirfp@blogtalkradio.com,Financial Advisor,International Culinary Institute (ICI)
567,Hillary,Lowless,hlowlessfq@huffingtonpost.com,Mechanical Systems Engineer,Ithaca College
568,Davina,Milkin,dmilkinfr@acquirethisname.com,VP Sales,Catholic University of Lublin
569,Evangelina,Poynzer,epoynzerfs@japanpost.jp,Operator,Technological University (Kyaing Tong)
570,Kennie,Lamborne,klamborneft@latimes.com,Operator,Philadelphia University
571,Quintana,Toal,qtoalfu@gmpg.org,Assistant Manager,Conestoga College
572,Gloriana,Scrowston,gscrowstonfv@vistaprint.com,Programmer III,Bard Graduate Center for Studies in the Decorative Arts
573,Courtney,Hanway,chanwayfw@themeforest.net,Research Nurse,Universidad de Talca
574,Leia,Rosini,lrosinifx@squarespace.com,Speech Pathologist,Université M'hamed Bouguerra de Boumerdes
575,Rhody,Moulsdale,rmoulsdalefy@ucoz.ru,Desktop Support Technician,Universidade Estadual do Centro-Oeste
576,Beth,Andrys,bandrysfz@whitehouse.gov,Social Worker,Clark Atlanta University
577,Karie,Dowers,kdowersg0@vkontakte.ru,Speech Pathologist,Bangladesh University of Professionals
578,Bearnard,Dyer,bdyerg1@de.vu,Paralegal,Guizhou Normal University
579,Marys,Shevlane,mshevlaneg2@nifty.com,Staff Scientist,Shuchiin College
580,Jessamyn,Rossander,jrossanderg3@webs.com,Electrical Engineer,Dubai Pharmacy College
581,Clementius,McDoual,cmcdoualg4@shareasale.com,Recruiter,University of Moncton
582,Serene,Pic,spicg5@kickstarter.com,Mechanical Systems Engineer,Technische Universität Graz
583,Hollie,Elderfield,helderfieldg6@w3.org,Research Nurse,Université de Yaoundé II
584,Tadd,Bazelle,tbazelleg7@si.edu,Dental Hygienist,Ubonratchathani University
585,Melonie,Hackley,mhackleyg8@multiply.com,Junior Executive,Medical University of Sofia
586,Carolyn,Faulconer,cfaulconerg9@netvibes.com,Structural Engineer,Allen University
587,Sarajane,Gerren,sgerrenga@flavors.me,Nurse Practicioner,New York Chiropractic College
588,Hailey,Huckerby,hhuckerbygb@phoca.cz,Safety Technician I,Beijing Sport University
589,Clarice,Chitson,cchitsongc@sourceforge.net,Legal Assistant,University of Wisconsin - Platteville
590,Heidie,Moen,hmoengd@chronoengine.com,Compensation Analyst,University of Chester
591,Odetta,Tiffney,otiffneyge@un.org,Administrative Assistant IV,MCI-Management Center Innsbruck
592,Ernest,Winyard,ewinyardgf@biglobe.ne.jp,Statistician III,Baiko Women's College
593,Rey,Pieracci,rpieraccigg@tripadvisor.com,Human Resources Assistant IV,ICT College
594,Ive,Roote,irootegh@yellowbook.com,Sales Associate,Fukuoka Dental College
595,Elfie,Munden,emundengi@github.io,Electrical Engineer,University of Western Australia
596,Skippie,Whitelock,swhitelockgj@ow.ly,Environmental Tech,Suzuka International University
597,Petr,Wynrahame,pwynrahamegk@sakura.ne.jp,Graphic Designer,Taganrog State University of Radioengineering
598,Aubrey,McMylor,amcmylorgl@wix.com,Research Nurse,Montana State University - Billings
599,Bud,Speddin,bspeddingm@ameblo.jp,Programmer Analyst IV,Universidad de Montevideo
600,Inna,Burge,iburgegn@narod.ru,Research Nurse,New Economic School
601,Ailee,Badman,abadmango@washington.edu,Financial Advisor,National Taiwan Ocean University
602,Virgina,Jirieck,vjirieckgp@ifeng.com,Research Assistant IV,Mongolian State University of Agriculture
603,Edmund,Worsley,eworsleygq@hexun.com,Information Systems Manager,Coppin State College
604,Homerus,Rockhall,hrockhallgr@salon.com,Chemical Engineer,SASTRA Deemed University
605,Shell,Karpmann,skarpmanngs@wikipedia.org,Budget/Accounting Analyst I,Beijing University of Aeronautics and Astronautics
606,Conchita,Wear,cweargt@pagesperso-orange.fr,Director of Sales,Universitas Methodist Indonesia
607,Ody,Holwell,oholwellgu@arizona.edu,Internal Auditor,Academy of Economics in Poznan
608,Fernande,Muncer,fmuncergv@ebay.co.uk,Statistician I,Ahmedabad University
609,Roley,Varah,rvarahgw@reuters.com,Graphic Designer,Shahrood University of Medical Sciences
610,Brendis,Winpenny,bwinpennygx@mail.ru,Professor,Karelian State Pedagogical University
611,Wat,MacAlees,wmacaleesgy@toplist.cz,Payment Adjustment Coordinator,Northwestern College Iowa
612,Jacky,Davidesco,jdavidescogz@omniture.com,Research Nurse,Nippon Dental University
613,Tamiko,Howis,thowish0@oakley.com,Civil Engineer,Conservatoire National des Arts et Métiers
614,Leroi,Wloch,lwlochh1@ucsd.edu,Payment Adjustment Coordinator,Marist College
615,Amby,Brownsill,abrownsillh2@dailymotion.com,Payment Adjustment Coordinator,Kumoh National University of Technology
616,Ozzie,Lakenton,olakentonh3@tiny.cc,Information Systems Manager,St. Anne University
617,Andie,Barlow,abarlowh4@g.co,Media Manager III,University of Warsaw
618,Tallulah,Ledner,tlednerh5@opensource.org,Automation Specialist IV,American University
619,Jemima,Bumpas,jbumpash6@prlog.org,Chief Design Engineer,Università Pontifcia Salesiana
620,Bernadine,Salsberg,bsalsbergh7@stumbleupon.com,Accountant III,"Shoumen University ""Konstantin Preslavski"""
621,Saxe,Kimberley,skimberleyh8@huffingtonpost.com,Analog Circuit Design manager,Andon College - Stockton
622,Malinde,Jagels,mjagelsh9@ucoz.com,Health Coach IV,"University Institute of Teacher Training ""Suor Orsola Benincasa"""
623,Clemmie,Alessandrini,calessandriniha@gov.uk,Recruiting Manager,Holy Family College
624,Angele,Worgan,aworganhb@berkeley.edu,Community Outreach Specialist,ICFAI University
625,Danice,Abden,dabdenhc@hubpages.com,Senior Cost Accountant,Sadra University
626,Doralin,Imesson,dimessonhd@usda.gov,Assistant Manager,Fachhochschule Gießen-Friedberg
627,Lissy,Rubinsohn,lrubinsohnhe@wsj.com,Software Engineer III,"Universidad de Puerto Rico, Utuado"
628,Hildegarde,Grayling,hgraylinghf@netvibes.com,Clinical Specialist,Applied Science University
629,Verene,Illyes,villyeshg@de.vu,Help Desk Technician,Florida Community College at Jacksonville
630,Myrtice,Ulyat,mulyathh@bravesites.com,Structural Engineer,Latvian Academy of Music
631,Chance,Frayn,cfraynhi@pen.io,Nuclear Power Engineer,NTB Interstate University of Applied Sciences of Technology
632,Jordanna,Appleford,japplefordhj@pbs.org,Assistant Media Planner,"Universidad Internacional de Andalucía, Sede Antonio Machado de Baeza"
633,Fara,Jessett,fjessetthk@amazon.co.uk,Senior Developer,Ecole Nationale du Génie de l'Eau et de l'Environnement de Strasbourg
634,Frederigo,Clother,fclotherhl@nifty.com,Quality Control Specialist,Universidad San Francisco Xavier de Chuquisaca
635,Denyse,Baldam,dbaldamhm@mediafire.com,Budget/Accounting Analyst IV,Obong University
636,Max,Newdick,mnewdickhn@networksolutions.com,Professor,University of Sassari
637,Terrance,Blenkinsopp,tblenkinsoppho@hud.gov,Account Executive,Fachhochschule Flensburg
638,Osborne,Pashan,opashanhp@example.com,Junior Executive,"University of the East, Ramon Magsaysay Memorial Medical Center"
639,Wendye,Seary,wsearyhq@etsy.com,Clinical Specialist,Hiroshima Kokusai Gakuin University
640,Horatio,Sholem,hsholemhr@webeden.co.uk,Pharmacist,Internationale Fachhochschule Bad Honnef
641,Paulita,Hing,phinghs@europa.eu,Assistant Manager,Universidad Fray Luca Paccioli
642,Collete,Tregido,ctregidoht@ifeng.com,VP Quality Control,Engineering Faculty of Asian University
643,Bentlee,Hallford,bhallfordhu@abc.net.au,Teacher,Northwest Nazarene University
644,Normand,Peel,npeelhv@time.com,Help Desk Technician,Fukui Prefectural University
645,Olav,Cawood,ocawoodhw@pbs.org,Legal Assistant,Kirksville College of Osteopathic Medicine
646,Hugh,Huws,hhuwshx@sfgate.com,General Manager,Shizuoka University
647,Marcille,Fontelles,mfontelleshy@nifty.com,Account Representative I,Vaganova Academy of Russian Ballet
648,Mill,Pattison,mpattisonhz@de.vu,Research Assistant IV,Grodno State Medical University
649,Ernestine,Mapam,emapami0@reference.com,Account Representative III,Hachinohe Institute of Technology
650,Lesly,Guest,lguesti1@archive.org,Media Manager III,Manonmaniam Sundaranar University
651,Demetris,Stoffler,dstoffleri2@free.fr,Environmental Tech,Ecole Normale Supérieure de Fontenay-Saint Cloud
652,Lawrence,Plenty,lplentyi3@techcrunch.com,Occupational Therapist,Texas A&M University - Commerce
653,Deana,Beveridge,dbeveridgei4@nifty.com,Teacher,Quaid-i-Azam University
654,Sayer,Gruszczak,sgruszczaki5@livejournal.com,Software Test Engineer II,Arkansas Tech University
655,Gerrie,Etchell,getchelli6@tripadvisor.com,Statistician IV,Hiroshima Prefectural University
656,Hilary,Poundsford,hpoundsfordi7@fotki.com,Assistant Media Planner,Beijing Forestry University
657,Paola,Iannitti,piannittii8@chicagotribune.com,Account Executive,Melaka City Polytechnic
658,Parrnell,Sparey,pspareyi9@multiply.com,Financial Advisor,Fashion Institute of New York
659,Jazmin,Speirs,jspeirsia@photobucket.com,Environmental Specialist,University of the Free State
660,Sharla,Birchenhead,sbirchenheadib@vkontakte.ru,Pharmacist,Devi Ahilya University of Indore
661,Bink,Mendoza,bmendozaic@geocities.com,Senior Developer,Université des Sciences et de la Technologie d'Oran
662,Elayne,Coombe,ecoombeid@marriott.com,Sales Representative,Wittenborg University
663,Riki,Hintze,rhintzeie@pagesperso-orange.fr,Operator,University of Illinois
664,Wilone,Purdey,wpurdeyif@google.com.br,Analyst Programmer,Tokyo Medical College
665,Nina,Ferfulle,nferfulleig@ox.ac.uk,Desktop Support Technician,Webster University Geneva
666,Phylis,Copcutt,pcopcuttih@indiatimes.com,Graphic Designer,Université de l'Uélé
667,Quillan,Sperring,qsperringii@ning.com,Graphic Designer,Rajarata University of Sri Lanka
668,Bernie,Messham,bmesshamij@independent.co.uk,Account Representative II,University of Western Sydney
669,Elianora,Riggey,eriggeyik@netlog.com,Analyst Programmer,Soai University
670,Greggory,Bixley,gbixleyil@cafepress.com,Health Coach IV,Warnborough University
671,Gloriana,Gerriets,ggerrietsim@indiatimes.com,Research Nurse,Alderson Broaddus College
672,Cammi,Fishley,cfishleyin@a8.net,Sales Associate,McPherson College
673,Colver,Jantot,cjantotio@mit.edu,Teacher,Ecole Nationale Supérieure de Physique de Marseille
674,Barbette,Tailby,btailbyip@thetimes.co.uk,Human Resources Manager,Fachhochschule Braunschweig/Wolfenbüttel
675,Kit,Sprason,ksprasoniq@umn.edu,Actuary,Technical University of Budapest
676,Rufe,Vayro,rvayroir@epa.gov,VP Accounting,Silver Lake College
677,Mehetabel,Blees,mbleesis@tiny.cc,Human Resources Assistant III,University of Peshawar
678,Xylia,McCudden,xmccuddenit@furl.net,Librarian,Lander University
679,Bibbye,Shercliff,bshercliffiu@cnet.com,Staff Scientist,Eberhard-Karls-Universität Tübingen
680,Rita,Waryk,rwarykiv@tiny.cc,Junior Executive,College of St. Scholastica
681,Ewart,Kiendl,ekiendliw@godaddy.com,Technical Writer,Sibelius Academy
682,Heinrick,Dilks,hdilksix@histats.com,Structural Analysis Engineer,Midwestern University
683,Ansell,Dupree,adupreeiy@google.fr,Chemical Engineer,China University of Geoscience Beijing
684,Merilyn,Prantl,mprantliz@eepurl.com,Research Associate,Korea National University of Education
685,Etti,Kondrat,ekondratj0@theglobeandmail.com,Professor,"DeVry Institute of Technology, Chicago"
686,Eleanore,Dalbey,edalbeyj1@constantcontact.com,Senior Sales Associate,Ghana Christian University College
687,Kinna,Lutzmann,klutzmannj2@histats.com,Actuary,Galway Mayo Institute of Technology
688,Myriam,Pirouet,mpirouetj3@europa.eu,Environmental Tech,Indian School of Mines (ISM)
689,Emalee,Pinchin,epinchinj4@hud.gov,Budget/Accounting Analyst II,St. Mary College
690,Darill,Woakes,dwoakesj5@delicious.com,GIS Technical Architect,Universidad Amazonica de Pando
691,Burnaby,Jojic,bjojicj6@un.org,Engineer IV,Islamic University College
692,Francesco,Whitley,fwhitleyj7@hostgator.com,Account Executive,"Academy of International Economic and Political Relations, Gdynia"
693,Boothe,Bogace,bbogacej8@barnesandnoble.com,Automation Specialist I,Universitas Islam Indonesia
694,Ede,Cosins,ecosinsj9@liveinternet.ru,Electrical Engineer,Taeshin Christian University
695,Minnaminnie,Weatherhogg,mweatherhoggja@marriott.com,Data Coordiator,Minot State University
696,Huberto,Papaccio,hpapacciojb@altervista.org,Accountant IV,Hartford College for Women
697,Andree,Rebeiro,arebeirojc@webnode.com,Engineer I,Universidad Mayor de San Simón
698,Berni,Tremayle,btremaylejd@nifty.com,Senior Developer,Free University of Bozen
699,Bess,Dimblebee,bdimblebeeje@storify.com,Staff Scientist,Ohio University
700,Clay,Bonifas,cbonifasjf@liveinternet.ru,Registered Nurse,Universidad Evangélica de El Salvador
701,Jen,Fairest,jfairestjg@pen.io,Office Assistant IV,University of Missouri - Kansas City
702,Heather,Bricham,hbrichamjh@intel.com,Professor,Ateneo de Naga University
703,Eal,Bardell,ebardellji@123-reg.co.uk,Teacher,Ecole Supérieure de Commerce de Nantes-Atlantique
704,Salomon,Skegg,sskeggjj@hugedomains.com,Systems Administrator I,St. John's & St. Mary's Institute of Technology
705,Stanislaw,Sawtell,ssawtelljk@51.la,VP Sales,Anhui University
706,Gorden,Stickins,gstickinsjl@bluehost.com,Financial Analyst,Universidad Autonoma Monterrey
707,Florette,Giblett,fgiblettjm@fc2.com,Senior Financial Analyst,Friedrich-Alexander Universität Erlangen-Nürnberg
708,Rutger,Booeln,rbooelnjn@ezinearticles.com,Librarian,Yelets State University
709,Appolonia,Beardshaw,abeardshawjo@cornell.edu,Research Nurse,Qufu Normal University
710,Marianna,Gerlack,mgerlackjp@aol.com,Paralegal,Ningbo University of Technology
711,Emmit,Peart,epeartjq@chronoengine.com,Administrative Assistant IV,Central State University
712,Augustina,Pauleau,apauleaujr@jalbum.net,Accounting Assistant IV,Full Sail University
713,Nadeen,Hazelden,nhazeldenjs@instagram.com,Structural Analysis Engineer,Mid-America Nazarene University
714,Else,McComish,emccomishjt@boston.com,Senior Cost Accountant,Ben-Gurion University of the Negev
715,Dunn,Pemberton,dpembertonju@pen.io,Account Representative III,STMIK AMIKOM Yogyakarta
716,Nial,Leah,nleahjv@ucsd.edu,Nuclear Power Engineer,Institut Sains dan Teknologi Al Kamal
717,Bari,Prium,bpriumjw@huffingtonpost.com,Executive Secretary,Hokuriku University
718,Flemming,Aleveque,falevequejx@gravatar.com,Staff Accountant II,Hochschule für Politik (HFP)
719,Aurelea,de Courcy,adecourcyjy@thetimes.co.uk,Programmer II,Kabul University
720,Care,Rue,cruejz@ifeng.com,Programmer I,Shahputra College
721,Caesar,Fishley,cfishleyk0@behance.net,Software Consultant,Universität Bielefeld
722,Packston,Novkovic,pnovkovick1@fema.gov,Marketing Assistant,Universidad Autónoma Tomás Frías
723,Sascha,Kirwan,skirwank2@twitpic.com,Occupational Therapist,Tarleton State University
724,Clareta,Duckett,cduckettk3@accuweather.com,Civil Engineer,California College San Diego
725,Nolie,Dibling,ndiblingk4@booking.com,Geologist II,"University of the East, Ramon Magsaysay Memorial Medical Center"
726,Legra,Tuckerman,ltuckermank5@about.me,Nurse,Centre College
727,Catharina,Ainslee,cainsleek6@hud.gov,Web Designer III,Arab European University
728,Ellene,Munford,emunfordk7@nba.com,Speech Pathologist,University of Mississippi Medical Center
729,Carlina,Eldredge,celdredgek8@sitemeter.com,Marketing Manager,College of Europe
730,Alina,Bigland,abiglandk9@ezinearticles.com,Environmental Tech,University College of Skövde
731,Demott,Magrannell,dmagrannellka@gravatar.com,Marketing Manager,Panjab University
732,Hazlett,Robertucci,hrobertuccikb@over-blog.com,Analog Circuit Design manager,Agricultural University of Plovdiv
733,Hagen,Sharman,hsharmankc@nhs.uk,Research Nurse,Dominican College of Philosophy and Theology
734,Colin,Anney,canneykd@1und1.de,Community Outreach Specialist,Islamic University of Rotterdam
735,Carlo,Woodrow,cwoodrowke@yelp.com,Financial Advisor,Universidad de Cuenca
736,Darn,Bonick,dbonickkf@berkeley.edu,Research Associate,American Graduate School in Paris
737,Kipp,Jenicke,kjenickekg@telegraph.co.uk,Software Consultant,"Islamic Azad University, Maybod"
738,Denny,Ullyatt,dullyattkh@independent.co.uk,Assistant Manager,Jain Vishva Bharati Institute
739,Leroy,Wallentin,lwallentinki@hibu.com,Accountant I,University of South Alabama
740,Sid,Maynard,smaynardkj@foxnews.com,Desktop Support Technician,Benguet State University
741,Truman,Sulley,tsulleykk@ameblo.jp,Budget/Accounting Analyst III,"University of Wales, Swansea"
742,Nicki,Zanettini,nzanettinikl@economist.com,Civil Engineer,University College of Saint-Boniface
743,Casie,Van Leeuwen,cvanleeuwenkm@weather.com,GIS Technical Architect,University Institute of Architecture Venice
744,Jannelle,Thackray,jthackraykn@simplemachines.org,Actuary,University of Wisconsin - Green Bay
745,Prince,Sheen,psheenko@nifty.com,Cost Accountant,Central Institute of Fisheries Education
746,Lou,Stannas,lstannaskp@slashdot.org,Information Systems Manager,Universidad Nacional de Asunción
747,Lucius,Lande,llandekq@fda.gov,Paralegal,Stockholm Institute of Education
748,Berenice,Gaskoin,bgaskoinkr@quantcast.com,Help Desk Operator,Universidad del Cine - Buenos Aires
749,Kizzee,Ezzle,kezzleks@google.com,Operator,Massachusetts Institute of Technology
750,Bryn,Cullrford,bcullrfordkt@google.com.hk,Human Resources Assistant IV,Scandinavian Art and Business Institute
751,Moise,Cutsforth,mcutsforthku@mail.ru,Software Consultant,Tajik National University
752,Kyle,Landrick,klandrickkv@vkontakte.ru,Clinical Specialist,Notre Dame Women's College
753,Phelia,Badini,pbadinikw@nymag.com,Environmental Tech,Gubkin Russian State University of Oil and Gas
754,Christie,Turbat,cturbatkx@un.org,Analog Circuit Design manager,Nirma University
755,Leontyne,Rappaport,lrappaportky@mtv.com,Help Desk Technician,Nanjing Agricultural University
756,Adams,Romei,aromeikz@youtube.com,Systems Administrator I,Belarussian National Technical University
757,Margeaux,Gadaud,mgadaudl0@chron.com,General Manager,Athens Laboratory of Business Administration (ALBA)
758,Sheffield,Courvert,scourvertl1@imgur.com,Account Representative II,University of Sibiu
759,Arabel,Gilberthorpe,agilberthorpel2@topsy.com,Director of Sales,Heriot-Watt University
760,Slade,Welchman,swelchmanl3@acquirethisname.com,Desktop Support Technician,Leon Kozminski Academy of Entrepreneurship and Mangement in Warsaw
761,Shanta,Greenway,sgreenwayl4@sina.com.cn,Chief Design Engineer,University of South Carolina - Beaufort
762,Zulema,Dawber,zdawberl5@over-blog.com,Desktop Support Technician,Universidad de Ciencias y Artes de Chiapas
763,Reube,Gwinnel,rgwinnell6@wikimedia.org,Programmer Analyst III,University of Charleston
764,Marilee,Alleway,mallewayl7@gnu.org,Account Representative III,Universidad Rural de Guatemala
765,Melina,Broune,mbrounel8@dropbox.com,Quality Control Specialist,Punjab Technical University
766,Lorry,McLafferty,lmclaffertyl9@mapy.cz,VP Marketing,Ballsbridge University 
767,Fransisco,Rableau,frableaula@issuu.com,Community Outreach Specialist,Kyoto Prefectural University
768,Dara,Bacon,dbaconlb@arizona.edu,Analyst Programmer,Coventry University
769,Theodore,Buckthorp,tbuckthorplc@squarespace.com,Statistician IV,Taiyuan University of Technology
770,Rita,Windress,rwindressld@skyrock.com,Paralegal,Centre Universitaire de Tebessa
771,Grantley,Widger,gwidgerle@aboutads.info,Sales Associate,Sami Shamoon College of Engineering
772,Willow,Bemwell,wbemwelllf@ezinearticles.com,Statistician IV,University of Oulu
773,Shara,Maddick,smaddicklg@vkontakte.ru,Engineer II,Arthur C Clarke Institute of Modern Technologies
774,Lulita,Bartrum,lbartrumlh@webmd.com,Senior Cost Accountant,Andrzej Frycz Modrzewski Cracow College
775,Arni,Venard,avenardli@howstuffworks.com,Business Systems Development Analyst,University of Presov
776,Birch,Condliffe,bcondliffelj@umn.edu,Project Manager,"Universidad de Guanajuato, Campus León"
777,Briggs,Bielfelt,bbielfeltlk@washingtonpost.com,Human Resources Assistant IV,St. Mary's College of Maryland
778,Fergus,Learoid,flearoidll@columbia.edu,Analyst Programmer,Universität Salzburg
779,Kahlil,Stean,ksteanlm@usgs.gov,Senior Developer,University of Waikato
780,Sarita,Elleton,selletonln@blogger.com,Database Administrator II,University of International Business
781,Colin,Chate,cchatelo@nasa.gov,Business Systems Development Analyst,Hochschule Esslingen
782,Timmie,Peregrine,tperegrinelp@samsung.com,Data Coordiator,International Business University of Beijing
783,Idell,De Giovanni,idegiovannilq@ameblo.jp,Desktop Support Technician,"Institute of Teachers Education, Raja Melewar"
784,Rurik,Culleton,rculletonlr@cpanel.net,Budget/Accounting Analyst IV,"California State University, Stanislaus"
785,Beitris,Button,bbuttonls@nytimes.com,General Manager,Volgograd State Academy of Physical Education
786,Ivor,Tompsett,itompsettlt@google.co.uk,Structural Analysis Engineer,Shanghai Sanda University
787,Melvin,Stanyland,mstanylandlu@constantcontact.com,Structural Engineer,Hartwick College
788,Julie,Parcell,jparcelllv@webmd.com,Senior Cost Accountant,Langara College
789,Lyn,Casse,lcasselw@goo.gl,Speech Pathologist,"Universidad Nacional Experimental Sur del Lago ""Jesús Maria Semprum"""
790,Charleen,Skevington,cskevingtonlx@homestead.com,Librarian,EarthNet Institute
791,Kippar,Astell,kastellly@chicagotribune.com,Legal Assistant,Petroleum University of Technology
792,Hyacinthie,Leal,hleallz@jimdo.com,Marketing Assistant,Kanto Gakuin University
793,Dusty,Ellar,dellarm0@meetup.com,Financial Analyst,Islamic University of Gaza
794,Batsheva,Sanchis,bsanchism1@webs.com,Information Systems Manager,Universidad para la Cooperación Internacional
795,Editha,Edwick,eedwickm2@yelp.com,Computer Systems Analyst II,Taeshin Christian University
796,Lilyan,Ghilks,lghilksm3@yale.edu,VP Accounting,University of Ioannina
797,Aarika,Dobey,adobeym4@forbes.com,Administrative Assistant IV,Nagoya Gakuin University
798,Elwood,Boutell,eboutellm5@icq.com,GIS Technical Architect,College of DuPage
799,Matthieu,Jodrellec,mjodrellecm6@xinhuanet.com,Nuclear Power Engineer,Elizabeth City State University
800,Gloriana,Le Frank,glefrankm7@comsenz.com,Community Outreach Specialist,University of Kansas
801,Pammie,Hulks,phulksm8@newsvine.com,VP Quality Control,Aquinas College
802,Kelly,Wooffinden,kwooffindenm9@washington.edu,Nurse,"State Film, Television and Theatre Higher School Leon Schiller in Lodz"
803,Simonette,Brantl,sbrantlma@tripadvisor.com,Web Designer I,"Shimane University, Faculty of Medicine"
804,Rodd,Bythway,rbythwaymb@github.com,Mechanical Systems Engineer,Universidad del Magdalena
805,Rodney,Marriott,rmarriottmc@tuttocitta.it,Assistant Manager,University of Insubria
806,Tabbi,Hintzer,thintzermd@buzzfeed.com,Food Chemist,Kazan State University of Technology
807,Yolande,Armatage,yarmatageme@businessinsider.com,Design Engineer,Märkische Fachhochschule Iserlohn
808,Stephana,MacParland,smacparlandmf@cpanel.net,Structural Analysis Engineer,Karlstad University
809,Colby,Hendrix,chendrixmg@ycombinator.com,Financial Advisor,Anadolu University
810,Lora,Parkhouse,lparkhousemh@state.gov,Administrative Assistant IV,Nawroz University
811,Gladys,Foran,gforanmi@webs.com,Administrative Assistant II,Sri Venkateswara University
812,Mimi,Leirmonth,mleirmonthmj@java.com,Occupational Therapist,Azerbaijan University
813,Ferrel,Hugonin,fhugoninmk@theglobeandmail.com,Assistant Manager,California Baptist College
814,Hersch,Dahlberg,hdahlbergml@nature.com,Media Manager I,University of Cebu
815,Cori,Izakoff,cizakoffmm@zimbio.com,Geologist I,New Bulgarian University
816,Jarid,Tiler,jtilermn@bluehost.com,Marketing Manager,Cranfield University
817,Bonnibelle,MacGuffog,bmacguffogmo@java.com,Senior Financial Analyst,"Universiteit Antwerpen, UFSIA"
818,Renato,Sheilds,rsheildsmp@vk.com,Project Manager,Oradea University
819,Hillyer,Pimblotte,hpimblottemq@amazon.com,Occupational Therapist,University of Oregon
820,Cindie,Coveny,ccovenymr@spiegel.de,Mechanical Systems Engineer,Pennsylvania State University - Schuylkill
821,Sergei,Willmer,swillmerms@goo.ne.jp,Nurse,Rheinische Friedrich-Wilhelms Universität Bonn
822,Drusi,Lammin,dlamminmt@foxnews.com,Payment Adjustment Coordinator,Shimane University
823,Kenneth,Rosenstiel,krosenstielmu@hibu.com,VP Marketing,Ural State Academy of Architecture and Arts
824,Dorie,Veel,dveelmv@drupal.org,Analog Circuit Design manager,Armstrong University
825,Cal,Tarbox,ctarboxmw@state.gov,Office Assistant II,Pebble Hills University
826,Berni,Spencers,bspencersmx@mapquest.com,Senior Quality Engineer,University of Minnesota - Crookston
827,Thelma,Bome,tbomemy@rakuten.co.jp,Electrical Engineer,Universidad Isaac Newton
828,Raynard,Bogace,rbogacemz@sitemeter.com,Civil Engineer,Gulu University
829,Lesley,Stitson,lstitsonn0@virginia.edu,Project Manager,Savannah State University
830,Currey,MacInherney,cmacinherneyn1@un.org,Desktop Support Technician,Millennia Atlantic University
831,Emelia,Danilowicz,edanilowiczn2@smugmug.com,Occupational Therapist,Shenyang Pharmaceutical University
832,Rodie,Duckfield,rduckfieldn3@squidoo.com,Programmer Analyst I,Adekunle Ajasin University
833,Dani,Sexti,dsextin4@examiner.com,Health Coach II,La Salle Universities - International Programmes
834,Anatola,Cordeix,acordeixn5@mac.com,Financial Analyst,Manipal University
835,Fidelity,Tooke,ftooken6@themeforest.net,Mechanical Systems Engineer,University of Economics Prague
836,Enrico,Bampforth,ebampforthn7@delicious.com,Analog Circuit Design manager,Argosy University
837,Marcelline,Palluschek,mpalluschekn8@economist.com,Help Desk Technician,Guangzhou University
838,Evered,Arr,earrn9@vistaprint.com,Account Executive,Jönköping University College
839,Floyd,Akehurst,fakehurstna@admin.ch,Research Assistant III,Hiroshima Bunkyo Women's University
840,Pascal,Grainger,pgraingernb@sphinn.com,Pharmacist,Universidade Estadual Paulista
841,Almeria,Blase,ablasenc@nsw.gov.au,Internal Auditor,Universidad Autónoma de Baja California
842,Eldin,Bossel,ebosselnd@nps.gov,Design Engineer,South Carelian Polytechnic
843,Candice,Ree,creene@cocolog-nifty.com,Technical Writer,Kyushu Tokai University
844,Leupold,Shadfourth,lshadfourthnf@sun.com,Graphic Designer,"University of St. Thomas, St. Paul"
845,Guthrey,Eastop,geastopng@dell.com,Data Coordiator,Korea National Open University
846,Edgard,Legerton,elegertonnh@java.com,Quality Control Specialist,University of Tartu
847,Simonette,Twelvetrees,stwelvetreesni@fastcompany.com,Occupational Therapist,Universidad del Istmo
848,Finn,Finey,ffineynj@hostgator.com,Desktop Support Technician,Payame Noor University
849,Trent,Osmint,tosmintnk@nydailynews.com,Senior Cost Accountant,University of Goroka
850,Heddi,Emerson,hemersonnl@google.com.br,Pharmacist,Gulu University
851,Kori,Evreux,kevreuxnm@un.org,Administrative Officer,Adeyemi College of Education
852,Romonda,Tiron,rtironnn@army.mil,Quality Control Specialist,Lander University
853,Inez,McAline,imcalineno@topsy.com,VP Accounting,Stockholm University
854,Alexina,Sancraft,asancraftnp@columbia.edu,Social Worker,"Katholische Fachhochschule Freiburg, Hochschule für Sozialwesen, Religionspädagogik und Pflege"
855,Casandra,Risley,crisleynq@skyrock.com,Electrical Engineer,California State Polytechnic University - Pomona
856,Nada,Thewless,nthewlessnr@samsung.com,Geologist I,Kharkiv State Technical University of Construction and Architecture
857,Juditha,Tremelling,jtremellingns@bing.com,Professor,St. John's College New Mexico
858,Rubina,Tolossi,rtolossint@jigsy.com,Engineer II,Islamia University of Bahawalpur
859,Othilie,Mattam,omattamnu@vkontakte.ru,Health Coach II,Lupane State University
860,Geri,Searle,gsearlenv@mail.ru,Accounting Assistant I,Charles University Prague
861,Melita,Lowless,mlowlessnw@webeden.co.uk,VP Product Management,Middlesex University
862,Dorey,Deller,ddellernx@paypal.com,Research Associate,University of Aden
863,Mary,Minget,mmingetny@vk.com,Senior Editor,Universitas Bakrie
864,Geralda,Poat,gpoatnz@dell.com,Safety Technician III,Holy Family College
865,Shannan,Lambin,slambino0@surveymonkey.com,Marketing Assistant,Moscow State University of Forestry Engineering
866,Sher,Baudoux,sbaudouxo1@topsy.com,Engineer I,Wayne State College
867,Renae,Elman,relmano2@ameblo.jp,Sales Representative,Solusi University
868,Lottie,Found,lfoundo3@fema.gov,Biostatistician III,Academy of Arts
869,Perkin,Salkild,psalkildo4@addtoany.com,Product Engineer,McMurry University
870,Lisha,Henrichsen,lhenrichseno5@yellowpages.com,Speech Pathologist,Latvian Academy of Sports Education
871,Slade,Noto,snotoo6@csmonitor.com,Marketing Assistant,Kent State University
872,Maryl,Crolly,mcrollyo7@is.gd,Database Administrator III,"City University of New York, John Jay College of Criminal Justice"
873,Dean,Feary,dfearyo8@ebay.co.uk,Accountant IV,Escuela Politécnica Nacional
874,Jocko,Glandfield,jglandfieldo9@cbsnews.com,Food Chemist,"Universidad Católica Boliviana, Cochabamba"
875,Agnese,Vegas,avegasoa@mayoclinic.com,Mechanical Systems Engineer,Instituto Tecnologico de Durango
876,Robert,Firmager,rfirmagerob@creativecommons.org,Graphic Designer,UNESCO-IHE Institute for Water Education
877,Celina,Camillo,ccamillooc@nba.com,Media Manager IV,Pedagogical University of Czestochowa
878,Morie,Petraitis,mpetraitisod@ebay.com,Occupational Therapist,Sheridan College
879,Shane,Odeson,sodesonoe@webnode.com,Design Engineer,Universidad del Valle de Guatemala
880,Hobey,Plaster,hplasterof@icio.us,Health Coach III,Shandong Agricultural University
881,Bartlett,Dodds,bdoddsog@mysql.com,Occupational Therapist,South Dakota School of Mines and Technology
882,Teri,MacGarrity,tmacgarrityoh@abc.net.au,Cost Accountant,Regent International University
883,Carolina,Yvens,cyvensoi@narod.ru,Recruiting Manager,Western International University
884,Pauly,Canet,pcanetoj@engadget.com,Geological Engineer,Louisiana State University Health Sciences Center New Orleans
885,Ardenia,Byrd,abyrdok@xinhuanet.com,Recruiting Manager,Pontifcia Università Urbaniana
886,Corine,Lardge,clardgeol@feedburner.com,Software Consultant,Universidad Autónoma de Baja California Sur
887,Tine,Gouldstone,tgouldstoneom@netlog.com,Occupational Therapist,Universidad Tecnológica Centroamericana
888,Roby,Schumacher,rschumacheron@gov.uk,Biostatistician I,Universidade de Uberaba
889,Alasteir,Hoggetts,ahoggettsoo@marketwatch.com,Desktop Support Technician,St. Petersburg State Mountain Institut
890,Maynard,Frapwell,mfrapwellop@wordpress.org,Quality Engineer,Rivers State University of Science and Technology
891,Vernon,Banfield,vbanfieldoq@ed.gov,Geological Engineer,International School of Management
892,Ker,Brodie,kbrodieor@themeforest.net,Actuary,Kateb Institute of Higher Education
893,Sosanna,Tollerton,stollertonos@bigcartel.com,Human Resources Assistant I,Universidad de Belgrano
894,Anson,Carwithan,acarwithanot@mac.com,Clinical Specialist,University of Stirling
895,Lorita,Prahl,lprahlou@netscape.com,Design Engineer,"University of Education, Winneba"
896,Westbrook,Blay,wblayov@cargocollective.com,Assistant Manager,Life Chiropractic College West
897,Curr,Snarr,csnarrow@yandex.ru,Assistant Manager,Rollins College
898,Jaquelin,Niezen,jniezenox@nhs.uk,Help Desk Technician,"Synergy University, Dubai Campus"
899,Genny,Swyre,gswyreoy@army.mil,Clinical Specialist,Kalmar University College
900,Tammi,Flaunier,tflaunieroz@blogtalkradio.com,Assistant Media Planner,Appalachian Bible College
901,Shandeigh,Burnhams,sburnhamsp0@ucla.edu,Nuclear Power Engineer,Universidade do Algarve
902,Sara-ann,Blasius,sblasiusp1@sohu.com,Programmer III,Western Maryland College
903,Nessa,Elvins,nelvinsp2@nymag.com,Electrical Engineer,Murdoch University
904,Phineas,Fessby,pfessbyp3@globo.com,Executive Secretary,Hanseo University
905,Cari,Leacock,cleacockp4@aboutads.info,Sales Representative,"Université du Centre, Sousse"
906,Anett,Gillmor,agillmorp5@economist.com,Nurse Practicioner,Universidad del Bío-Bío
907,Melicent,Toby,mtobyp6@wisc.edu,Sales Associate,Dr. B.R. Ambedkar Open University
908,Hammad,Roots,hrootsp7@dedecms.com,Editor,City University
909,Brett,Queste,bquestep8@youtube.com,GIS Technical Architect,Indiana University (System)
910,Elmer,Dallender,edallenderp9@ft.com,Staff Accountant III,Zhejiang Normal University
911,Halsy,Haggis,hhaggispa@barnesandnoble.com,Graphic Designer,Zhejiang University
912,Orin,Eastlake,oeastlakepb@linkedin.com,Director of Sales,University of Wisconsin - La Crosse
913,Isabel,Grigsby,igrigsbypc@yellowpages.com,Automation Specialist II,Hilbert College
914,Constance,Hardinge,chardingepd@over-blog.com,Research Assistant III,Ohio State University - Mansfield
915,Xever,Sharvell,xsharvellpe@ycombinator.com,Environmental Specialist,Fachhochschule für Bank- und Finanzwirtschaft
916,Edd,Caulcutt,ecaulcuttpf@mac.com,Help Desk Technician,Justus Liebig Universität Gießen
917,Basil,Blakeney,bblakeneypg@thetimes.co.uk,Project Manager,Le Moyne College
918,Ermin,Baudin,ebaudinph@yahoo.co.jp,Executive Secretary,University of Winnipeg
919,Selie,De Cleen,sdecleenpi@yale.edu,Human Resources Manager,Sonoda Women's University
920,Leila,Beadle,lbeadlepj@feedburner.com,Human Resources Manager,International Bible College
921,Greer,Onslow,gonslowpk@bigcartel.com,Research Assistant II,Stephens College
922,Farrell,Ardling,fardlingpl@deviantart.com,Clinical Specialist,University of Wisconsin - Oshkosh
923,Aveline,Gerrans,agerranspm@youtu.be,Help Desk Technician,Université de Kinshasa
924,Carlyle,Aizikovitch,caizikovitchpn@google.co.jp,Marketing Assistant,Aleksander Zelwerowicz State Theatre Academy
925,Clemmie,Luscott,cluscottpo@vinaora.com,Automation Specialist IV,Ecole Supérieure de Commerce de Paris
926,Elbert,Hosten,ehostenpp@flickr.com,Administrative Officer,Southern Illinois University at Edwardsville
927,Elisa,Wintour,ewintourpq@gov.uk,VP Sales,Pebble Hills University
928,Mala,Saker,msakerpr@over-blog.com,Pharmacist,Ecole Superieure des Télécommunications
929,Garey,Brisland,gbrislandps@microsoft.com,Programmer Analyst II,"University of Asia Pacific, Dhanmondi"
930,Analise,Lowers,alowerspt@cloudflare.com,Administrative Assistant II,Western Galilee College
931,Micky,M'Quharg,mmquhargpu@photobucket.com,Registered Nurse,University of North Carolina at Wilmington
932,Cecilia,Streatfeild,cstreatfeildpv@nih.gov,Product Engineer,Universidad Latinoamericana de Ciencia y Tecnología
933,Ally,Elen,aelenpw@yelp.com,Accounting Assistant I,Centro Regional Universitário de Espiríto Santo do Pinhal
934,Gregg,Yeabsley,gyeabsleypx@baidu.com,Operator,Ecole Centrale d'Electronique - ECE
935,Marlane,Okroy,mokroypy@buzzfeed.com,Clinical Specialist,Park College
936,Cherye,Casolla,ccasollapz@java.com,Biostatistician II,American Conservatory of Music
937,Patrick,Outibridge,poutibridgeq0@fema.gov,Administrative Officer,Fachhochschule Deggendorf
938,Jarrad,Ast,jastq1@google.com,Mechanical Systems Engineer,Central Institute of Higher Tibetan Studies
939,Mirabel,Sunners,msunnersq2@studiopress.com,Operator,British Royal University
940,Pennie,Gommey,pgommeyq3@berkeley.edu,Chemical Engineer,Aleksander Gieysztor School of Humanities in Pultusk
941,Iormina,Tineman,itinemanq4@xing.com,Design Engineer,Universidad Catolica del Maule
942,Mellisa,Lavelle,mlavelleq5@google.com.br,Staff Accountant III,Obafemi Awolowo University Ile-Ife
943,Agace,Metson,ametsonq6@desdev.cn,Structural Analysis Engineer,United States International University
944,Tamarra,Brakewell,tbrakewellq7@tinyurl.com,Clinical Specialist,Daiichi College of Pharmaceutical Sciences
945,Madalena,Beiderbeck,mbeiderbeckq8@canalblog.com,Research Nurse,Hanoi Open University
946,Tandy,Adamczyk,tadamczykq9@forbes.com,Marketing Assistant,Pangasinan State University
947,Heida,Dossettor,hdossettorqa@nydailynews.com,Structural Analysis Engineer,Western State University College of Law - Orange County
948,Elizabeth,Corington,ecoringtonqb@delicious.com,Desktop Support Technician,Mount Meru University
949,Nicoline,Lowdeane,nlowdeaneqc@twitpic.com,Information Systems Manager,University of Sri Jayawardenapura
950,Moore,Kenna,mkennaqd@gnu.org,Assistant Professor,Shibaura Institute of Technology
951,Theodor,Heasly,theaslyqe@slideshare.net,Design Engineer,Hongik University
952,Caritta,Rushby,crushbyqf@statcounter.com,VP Quality Control,Universitas Andalas
953,Vasily,Beazer,vbeazerqg@marketwatch.com,Senior Developer,Guangzhou University of Traditional Chinese Medicine
954,Beale,Bohan,bbohanqh@wired.com,Clinical Specialist,National Metallurgical Academy of Ukraine
955,Lovell,Ricks,lricksqi@xing.com,Geologist IV,Alabama State University
956,Blisse,MacMurray,bmacmurrayqj@wired.com,Quality Engineer,Universitas Kristen Krida Wacana
957,Fidelio,Cochrane,fcochraneqk@guardian.co.uk,Junior Executive,"NABA - Nuova Accademia di Belle Arti, Milan"
958,Aindrea,Shera,asheraql@pbs.org,Staff Scientist,Tusculum College
959,Vlad,Beaver,vbeaverqm@mozilla.org,VP Product Management,Washington University in St. Louis
960,Tracee,Manjin,tmanjinqn@google.it,Programmer Analyst III,Detroit College of Business - Flint
961,Alicea,Lummasana,alummasanaqo@angelfire.com,Mechanical Systems Engineer,Pakistan Institute of Engineering and Applied Sciences (PIEAS)
962,Janaya,Maro,jmaroqp@slate.com,Associate Professor,University of East Asia
963,Sonja,MacGiany,smacgianyqq@clickbank.net,Research Associate,Kiev School Of Economics
964,Cicely,Lack,clackqr@washingtonpost.com,Product Engineer,Visvesvaraya Technological University
965,Shir,Emmett,semmettqs@clickbank.net,Quality Engineer,Balqa Applied University
966,Conny,Glidden,cgliddenqt@plala.or.jp,Health Coach III,Friedrich-Schiller Universität Jena
967,Juliana,Simcoe,jsimcoequ@mysql.com,Analog Circuit Design manager,Ben-Gurion University of the Negev
968,Eadmund,Girton,egirtonqv@vimeo.com,Account Representative I,"University ""Aurel Vlaicu"" Arad"
969,Betteanne,Witchalls,bwitchallsqw@bbc.co.uk,Staff Scientist,Rajshahi University of Engineering and Technology
970,Dacey,Yitzovicz,dyitzoviczqx@dot.gov,Assistant Professor,HWP - Hamburger Universität für Wirtschaft und Politik
971,Julius,Karran,jkarranqy@flavors.me,Physical Therapy Assistant,Ho Chi Minh City University of Law
972,Nerissa,Weathey,nweatheyqz@icio.us,Financial Analyst,Madonna University
973,Westbrooke,Meace,wmeacer0@csmonitor.com,Recruiter,Kannada University
974,Jeniece,Mabb,jmabbr1@ning.com,Chemical Engineer,Kerman University of Medical Sciences
975,Raddie,Eaves,reavesr2@posterous.com,Environmental Tech,City University
976,Miguela,Kindleysides,mkindleysidesr3@cnet.com,Clinical Specialist,Walden University
977,Alisha,Czadla,aczadlar4@bluehost.com,Technical Writer,South Florida Bible College & Theological Seminary
978,Donaugh,Gavrielly,dgavriellyr5@fema.gov,Structural Engineer,Sri Padmavati Women's University
979,Tabbie,Quan,tquanr6@ca.gov,Help Desk Technician,Universidad Latinoamericana
980,Sibylle,Tuddenham,studdenhamr7@nifty.com,Automation Specialist II,Odessa National Polytechnic University
981,Pace,Skeggs,pskeggsr8@ycombinator.com,Human Resources Assistant III,University of Venda
982,Cathrine,Fremantle,cfremantler9@pagesperso-orange.fr,Developer III,Staszic Pila College
983,Maurizia,Masters,mmastersra@meetup.com,Analog Circuit Design manager,Kazan State Finance and Economics Institute 
984,Marcellus,Mickleborough,mmickleboroughrb@bigcartel.com,Senior Quality Engineer,Wuxi University of Light Industry
985,Eugene,Avramchik,eavramchikrc@surveymonkey.com,Executive Secretary,Campbellsville College
986,Merle,Volkers,mvolkersrd@freewebs.com,VP Sales,"University of Agricultural Sciences, Dharwad"
987,Wolf,Male,wmalere@usnews.com,Automation Specialist II,University of North West
988,Goldy,Headington,gheadingtonrf@google.cn,Programmer Analyst I,Hamdard University
989,Shepperd,Steer,ssteerrg@pbs.org,Administrative Officer,Academy of Management and Entrepreneurship
990,Caralie,Slucock,cslucockrh@telegraph.co.uk,Sales Associate,Université du Québec à Chicoutimi
991,Torey,Hamlyn,thamlynri@wikispaces.com,Computer Systems Analyst I,Seowon University
992,Sydney,Scrimgeour,sscrimgeourrj@sciencedaily.com,Sales Representative,Centenary College of Louisiana
993,Sherye,Hillitt,shillittrk@businessinsider.com,Health Coach I,Eurasian Institute of market
994,Frasco,Yardley,fyardleyrl@mediafire.com,Sales Associate,United States Air Force Academy
995,Tamas,Krochmann,tkrochmannrm@sbwire.com,Computer Systems Analyst I,University of Split
996,Tabbi,Yakushkev,tyakushkevrn@microsoft.com,Structural Engineer,Universitas Muhammadiyah Magelang
997,Shea,MacColl,smaccollro@icio.us,Nuclear Power Engineer,Daebul University
998,Gerard,Enrico,genricorp@i2i.jp,Product Engineer,Aljouf University
999,Karee,Wogden,kwogdenrq@globo.com,Junior Executive,Baylor College of Medicine
1000,Nadean,Buffin,nbuffinrr@oakley.com,Professor,Universidad de Los Lagos
